"estate_id","address","address_number","lat","long","rent","footprint","madori"
"17081014","群馬県前橋市天川大島町３丁目","５０−１３","139.10770249999999","36.372485833299997","40000","37.259998","1LDK"
"5780495","群馬県前橋市千代田町２丁目","２−１１","139.07082575874287","36.38975739215342","51000","57.540001","3DK"
"4034633","群馬県前橋市天川原町１丁目","２−１","139.08026806347252","36.372260333992628","25000","16","1R"
"16997932","群馬県渋川市白井","８８８","139.01645971344939","36.5098482762074","49000","50.080002","2LDK"
"14278484","群馬県前橋市川原町２丁目","３７−６","139.04267611111112","36.427668055555557","57000","36.360001","1SLDK"
"17081011","群馬県前橋市天川大島町３丁目","５０−１３","139.10770249999999","36.372485833299997","40000","37.259998","1LDK"
"5780494","群馬県前橋市千代田町２丁目","２−１１","139.07082575874287","36.38975739215342","60000","57.540001","3DK"
"4034472","群馬県前橋市天川原町１丁目","２−１","139.08026806347252","36.372260333992628","28000","16","1R"
"16997933","群馬県渋川市白井","８８８","139.01645971344939","36.5098482762074","49000","50.080002","2LDK"
"5780493","群馬県前橋市千代田町２丁目","２−１１","139.07082575874287","36.38975739215342","60000","57.540001","1LDK"
"4034471","群馬県前橋市天川原町１丁目","２−１","139.08026806347252","36.372260333992628","28000","16","1R"
"16997931","群馬県渋川市白井","８８８","139.01645971344939","36.5098482762074","53000","50.080002","2LDK"
"5780465","群馬県前橋市千代田町２丁目","２−１１","139.07082575874287","36.38975739215342","70000","57.540001","3DK"
"4034470","群馬県前橋市天川原町１丁目","２−１","139.08026806347252","36.372260333992628","29800","16","1R"
"16997928","群馬県渋川市白井","８８８","139.01645971344939","36.5098482762074","53000","50.080002","2LDK"
"5673469","群馬県前橋市天川原町１丁目","２２−５","139.08621629949161","36.372249067374362","90000","71.519997","3DK"
"13524415","群馬県前橋市川曲町","５８５−２","139.05883416699999","36.349078611099998","56000","49.68","2DK"
"4034469","群馬県前橋市天川原町１丁目","２−１","139.08026806347252","36.372260333992628","29800","16","1R"
"5673468","群馬県前橋市天川原町１丁目","２２−５","139.08621629949161","36.372249067374362","90000","71.519997","3DK"
"13524414","群馬県前橋市川曲町","５８５−２","139.05883416699999","36.349078611099998","55000","49.68","2DK"
"4034468","群馬県前橋市天川原町１丁目","２−１","139.08026806347252","36.372260333992628","29800","16","1R"
"5673463","群馬県前橋市天川原町１丁目","２２−５","139.08621629949161","36.372249067374362","90000","71.519997","3DK"
"13524411","群馬県前橋市川曲町","５８５−２","139.05883416699999","36.349078611099998","55000","49.68","2DK"
"4034452","群馬県前橋市天川原町１丁目","２−１","139.08026806347252","36.372260333992628","29800","16","1R"
"17016323","群馬県沼田市材木町","１２８６","139.053678889","36.6394141667","59000","49.849998","2LDK"
"5673458","群馬県前橋市天川原町１丁目","２２−５","139.08621629949161","36.372249067374362","90000","71.519997","3DK"
"13524410","群馬県前橋市川曲町","５８５−２","139.05883416699999","36.349078611099998","55000","49.68","2DK"
"5673328","群馬県前橋市天川原町１丁目","２２−５","139.08621629949161","36.372249067374362","95000","80.080002","3DK"
"13524408","群馬県前橋市川曲町","５８５−２","139.05883416699999","36.349078611099998","47000","49.68","2DK"
"4035775","群馬県前橋市龍蔵寺町","７４","139.07510111111111","36.416556944444444","45000","41.919998","2DK"
"13524406","群馬県前橋市川曲町","５８５−２","139.05883416699999","36.349078611099998","52000","49.68","2DK"
"5664009","群馬県前橋市城東町３丁目","１９−１１","139.08167694400001","36.390027500000002","65000","63","2LDK"
"4036789","群馬県前橋市龍蔵寺町","９６−２","139.07299888888889","36.416313055555555","40000","45.810001","2DK"
"4034451","群馬県前橋市天川原町１丁目","２−１","139.08026806347252","36.372260333992628","26000","16","1R"
"17016317","群馬県沼田市材木町","１２８６","139.053678889","36.6394141667","59000","49.849998","2LDK"
"17206289","群馬県前橋市上小出町１丁目","８−７０","139.0617503805025","36.407243288434998","42000","17.969999","1R"
"13524405","群馬県前橋市川曲町","５８５−２","139.05883416699999","36.349078611099998","55000","49.68","2DK"
"5662544","群馬県前橋市城東町３丁目","１９−１１","139.08167694400001","36.390027500000002","110000","117.98","3LDK"
"4037044","群馬県前橋市上小出町２丁目","３４−１６","139.06067194444444","36.413021111111114","34000","21.450001","1K"
"17206288","群馬県前橋市上小出町１丁目","８−７０","139.0617503805025","36.407243288434998","48000","17.969999","1R"
"13524404","群馬県前橋市川曲町","５８５−２","139.05883416699999","36.349078611099998","47000","49.68","2DK"
"5662543","群馬県前橋市城東町３丁目","１９−１１","139.08167694400001","36.390027500000002","76000","81.110001","3LDK"
"4037045","群馬県前橋市上小出町２丁目","３４−１６","139.06067194444444","36.413021111111114","34000","21.450001","1K"
"17206284","群馬県前橋市上小出町１丁目","８−７０","139.0617503805025","36.407243288434998","47000","17.969999","1R"
"5662542","群馬県前橋市城東町３丁目","１９−１１","139.08167694400001","36.390027500000002","70000","81.07","3LDK"
"4036411","群馬県前橋市上小出町２丁目","３４−１６","139.06067194444444","36.413021111111114","45000","29.700001","1DK"
"13510168","群馬県前橋市川原町１丁目","３１−１５","139.04760527799999","36.421756666699999","39000","26.4","1K"
"17206283","群馬県前橋市上小出町１丁目","８−７０","139.0617503805025","36.407243288434998","46000","17.969999","1R"
"5662541","群馬県前橋市城東町３丁目","１９−１１","139.08167694400001","36.390027500000002","52000","62.849998","3SDK"
"4036335","群馬県前橋市上小出町２丁目","３４−１６","139.06067194444444","36.413021111111114","34000","36.299999","1DK"
"17206290","群馬県前橋市上小出町１丁目","８−７０","139.0617503805025","36.407243288434998","42000","17.02","1R"
"5662499","群馬県前橋市城東町３丁目","１９−１１","139.08167694400001","36.390027500000002","52000","64.699997","2LDK"
"4036336","群馬県前橋市上小出町２丁目","３４−１６","139.06067194444444","36.413021111111114","34000","36.299999","1DK"
"4034450","群馬県前橋市天川原町１丁目","２−１","139.08026806347252","36.372260333992628","28000","16","1R"
"17206287","群馬県前橋市上小出町１丁目","８−７０","139.0617503805025","36.407243288434998","42000","17.02","1R"
"5662498","群馬県前橋市城東町３丁目","１９−１１","139.08167694400001","36.390027500000002","52000","63","2LDK"
"4036314","群馬県前橋市上小出町２丁目","３４−１６","139.06067194444444","36.413021111111114","38000","36.299999","1DK"
"17206286","群馬県前橋市上小出町１丁目","８−７０","139.0617503805025","36.407243288434998","40000","17.02","1R"
"5662497","群馬県前橋市城東町３丁目","１９−１１","139.08167694400001","36.390027500000002","52000","62.849998","3SDK"
"4036315","群馬県前橋市上小出町２丁目","３４−１６","139.06067194444444","36.413021111111114","38000","36.299999","1DK"
"4034449","群馬県前橋市天川原町１丁目","２−１","139.08026806347252","36.372260333992628","26000","16","1R"
"13510163","群馬県前橋市川原町１丁目","３１−１５","139.04760527799999","36.421756666699999","39000","26.4","1K"
"17206281","群馬県前橋市上小出町１丁目","８−７０","139.0617503805025","36.407243288434998","46000","17.02","1R"
"5662496","群馬県前橋市城東町３丁目","１９−１１","139.08167694400001","36.390027500000002","52000","64.699997","2LDK"
"4036312","群馬県前橋市上小出町２丁目","３４−１６","139.06067194444444","36.413021111111114","35000","21.450001","1K"
"4034448","群馬県前橋市天川原町１丁目","２−１","139.08026806347252","36.372260333992628","29800","16","1R"
"13510159","群馬県前橋市川原町１丁目","３１−１５","139.04760527799999","36.421756666699999","39000","26.4","1K"
"5662495","群馬県前橋市城東町３丁目","１９−１１","139.08167694400001","36.390027500000002","64000","63","2LDK"
"4036313","群馬県前橋市上小出町２丁目","３４−１６","139.06067194444444","36.413021111111114","35000","21.450001","1K"
"4034432","群馬県前橋市天川原町１丁目","２−１","139.08026806347252","36.372260333992628","26000","16","1R"
"13505388","群馬県前橋市川原町１丁目","３１−１５","139.04760527799999","36.421756666699999","39000","26.4","1K"
"5662494","群馬県前橋市城東町３丁目","１９−１１","139.08167694400001","36.390027500000002","61000","62.849998","3SDK"
"4036296","群馬県前橋市上小出町２丁目","３４−１６","139.06067194444444","36.413021111111114","35000","29.700001","1DK"
"4034431","群馬県前橋市天川原町１丁目","２−１","139.08026806347252","36.372260333992628","26000","16","1R"
"13510157","群馬県前橋市川原町１丁目","３１−１５","139.04760527799999","36.421756666699999","39000","26.4","1K"
"5662493","群馬県前橋市城東町３丁目","１９−１１","139.08167694400001","36.390027500000002","51000","64.699997","2LDK"
"4036084","群馬県前橋市上小出町２丁目","３４−１６","139.06067194444444","36.413021111111114","31500","21.450001","1K"
"4034430","群馬県前橋市天川原町１丁目","２−１","139.08026806347252","36.372260333992628","28000","16","1R"
"13510152","群馬県前橋市川原町１丁目","３１−１５","139.04760527799999","36.421756666699999","38000","26.4","1K"
"16475579","群馬県前橋市城東町５丁目","５２９−３","139.08592799532749","36.389264179120005","40000","52.459999","3K"
"5662492","群馬県前橋市城東町３丁目","１９−１１","139.08167694400001","36.390027500000002","51000","63","2LDK"
"4034338","群馬県前橋市上小出町２丁目","３４−１６","139.06067194444444","36.413021111111114","33500","21.450001","1K"
"4034429","群馬県前橋市天川原町１丁目","２−１","139.08026806347252","36.372260333992628","26000","16","1R"
"13510153","群馬県前橋市川原町１丁目","３１−１５","139.04760527799999","36.421756666699999","38000","26.4","1K"
"5662491","群馬県前橋市城東町３丁目","１９−１１","139.08167694400001","36.390027500000002","51000","62.849998","3SDK"
"4034320","群馬県前橋市上小出町２丁目","３４−１６","139.06067194444444","36.413021111111114","34000","21.450001","1K"
"4034407","群馬県前橋市天川原町１丁目","２−１","139.08026806347252","36.372260333992628","26000","16","1R"
"13510150","群馬県前橋市川原町１丁目","３１−１５","139.04760527799999","36.421756666699999","38000","26.4","1K"
"16379272","群馬県前橋市上小出町３丁目","１４−６","139.06478666666669","36.415638055555554","35000","43","2DK"
"5662469","群馬県前橋市城東町３丁目","１９−１１","139.08167694400001","36.390027500000002","51000","64.699997","2LDK"
"4034319","群馬県前橋市上小出町２丁目","３４−１６","139.06067194444444","36.413021111111114","34000","21.450001","1K"
"4034406","群馬県前橋市天川原町１丁目","２−１","139.08026806347252","36.372260333992628","29800","16","1R"
"16379271","群馬県前橋市上小出町３丁目","１４−６","139.06478666666669","36.415638055555554","34000","43","1DK"
"5662468","群馬県前橋市城東町３丁目","１９−１１","139.08167694400001","36.390027500000002","50000","63","2LDK"
"4034339","群馬県前橋市上小出町２丁目","３４−１６","139.06067194444444","36.413021111111114","30000","21.450001","1K"
"4034405","群馬県前橋市天川原町１丁目","２−１","139.08026806347252","36.372260333992628","29800","16","1R"
"13510149","群馬県前橋市川原町１丁目","３１−１５","139.04760527799999","36.421756666699999","38000","26.4","1K"
"16373415","群馬県前橋市上小出町３丁目","１４−６","139.06478666666669","36.415638055555554","30000","43","1DK"
"5662467","群馬県前橋市城東町３丁目","１９−１１","139.08167694400001","36.390027500000002","60000","62.849998","3SDK"
"4034317","群馬県前橋市上小出町２丁目","３４−１６","139.06067194444444","36.413021111111114","37000","36.299999","1DK"
"4034404","群馬県前橋市天川原町１丁目","２−１","139.08026806347252","36.372260333992628","26000","16","1R"
"13510148","群馬県前橋市川原町１丁目","３１−１５","139.04760527799999","36.421756666699999","38000","26.4","1K"
"16335565","群馬県前橋市元総社町","１３５８−１","139.033008056","36.385327222199997","47000","50.400002","2LDK"
"5662466","群馬県前橋市城東町３丁目","１９−１１","139.08167694400001","36.390027500000002","50000","64.699997","2LDK"
"4034300","群馬県前橋市上小出町２丁目","３４−１６","139.06067194444444","36.413021111111114","36000","29.700001","1DK"
"4034403","群馬県前橋市天川原町１丁目","２−１","139.08026806347252","36.372260333992628","26000","16","1R"
"13510146","群馬県前橋市川原町１丁目","３１−１５","139.04760527799999","36.421756666699999","38000","26.4","1K"
"16335564","群馬県前橋市元総社町","１３５８−１","139.033008056","36.385327222199997","48000","50.400002","2LDK"
"5662464","群馬県前橋市城東町３丁目","１９−１１","139.08167694400001","36.390027500000002","49000","63","2LDK"
"4034299","群馬県前橋市上小出町２丁目","３４−１６","139.06067194444444","36.413021111111114","36000","29.700001","1DK"
"4034387","群馬県前橋市天川原町１丁目","２−１","139.08026806347252","36.372260333992628","26000","16","1R"
"13510144","群馬県前橋市川原町１丁目","３１−１５","139.04760527799999","36.421756666699999","38000","26.4","1K"
"16335563","群馬県前橋市元総社町","１３５８−１","139.033008056","36.385327222199997","48000","50.400002","2LDK"
"5662463","群馬県前橋市城東町３丁目","１９−１１","139.08167694400001","36.390027500000002","49000","62.849998","3SDK"
"17057694","群馬県前橋市表町２丁目","２３−８","139.07477111111112","36.381783055555559","65000","47.700001","2DK"
"4034386","群馬県前橋市天川原町１丁目","２−１","139.08026806347252","36.372260333992628","26000","16","1R"
"13510143","群馬県前橋市川原町１丁目","３１−１５","139.04760527799999","36.421756666699999","38000","26.4","1K"
"16335550","群馬県前橋市元総社町","１３５８−１","139.033008056","36.385327222199997","48000","50.400002","2LDK"
"5662462","群馬県前橋市城東町３丁目","１９−１１","139.08167694400001","36.390027500000002","49000","64.699997","2LDK"
"16317011","群馬県前橋市表町２丁目","２３−８","139.07477111111112","36.381783055555559","29000","19.440001","1R"
"4034385","群馬県前橋市天川原町１丁目","２−１","139.08026806347252","36.372260333992628","26000","16","1R"
"13510142","群馬県前橋市川原町１丁目","３１−１５","139.04760527799999","36.421756666699999","38000","26.4","1K"
"17533225","群馬県高崎市下和田町３丁目","１１−１０","139.01483305599999","36.308173333299997","48000","45.360001","1LDK"
"5662461","群馬県前橋市城東町３丁目","１９−１１","139.08167694400001","36.390027500000002","48000","63","2LDK"
"16860485","群馬県前橋市総社町３丁目","２−９","139.0443261111111","36.401440000000001","54000","40.150002","2K"
"14732839","群馬県前橋市表町２丁目","２３−８","139.07477111111112","36.381783055555559","35000","19.440001","1R"
"4034384","群馬県前橋市天川原町１丁目","２−１","139.08026806347252","36.372260333992628","29800","16","1R"
"13510155","群馬県前橋市川原町１丁目","３１−１５","139.04760527799999","36.421756666699999","39000","26.4","1K"
"5662458","群馬県前橋市城東町３丁目","１９−１１","139.08167694400001","36.390027500000002","64000","62.849998","2SLDK"
"13815595","群馬県前橋市表町２丁目","２３−８","139.07477111111112","36.381783055555559","40000","29.16","1K"
"4034383","群馬県前橋市天川原町１丁目","２−１","139.08026806347252","36.372260333992628","26000","16","1R"
"13510154","群馬県前橋市川原町１丁目","３１−１５","139.04760527799999","36.421756666699999","39000","26.4","1K"
"5662388","群馬県前橋市城東町３丁目","１９−１１","139.08167694400001","36.390027500000002","48000","64.699997","2LDK"
"9876276","群馬県前橋市表町２丁目","２３−８","139.07477111111112","36.381783055555559","45000","24.48","1K"
"4034366","群馬県前橋市天川原町１丁目","２−１","139.08026806347252","36.372260333992628","28000","16","1R"
"13510140","群馬県前橋市川原町１丁目","３１−１５","139.04760527799999","36.421756666699999","39000","26.4","1K"
"15970937","群馬県前橋市上小出町３丁目","９−２０","139.06254777800001","36.414435277800003","45000","35.299999","2DK"
"4036594","群馬県前橋市江木町","１３４１−３０","139.13827305555554","36.39501388888889","36000","23.200001","1K"
"9062050","群馬県前橋市表町２丁目","２３−８","139.07477111111112","36.381783055555559","45000","24.48","1K"
"4034365","群馬県前橋市天川原町１丁目","２−１","139.08026806347252","36.372260333992628","26000","16","1R"
"10266211","群馬県前橋市上小出町３丁目","９−２０","139.06254777800001","36.414435277800003","49000","35.299999","2DK"
"4036375","群馬県前橋市江木町","１３４１−３０","139.13827305555554","36.39501388888889","34800","23.200001","1K"
"9062023","群馬県前橋市表町２丁目","２３−８","139.07477111111112","36.381783055555559","45000","24.48","1K"
"4034364","群馬県前橋市天川原町１丁目","２−１","139.08026806347252","36.372260333992628","26000","16","1R"
"17438391","群馬県前橋市上小出町３丁目","９−２０","139.06254777800001","36.414435277800003","45000","35.299999","2DK"
"4036148","群馬県前橋市江木町","１３４１−３０","139.13827305555554","36.39501388888889","34500","23.200001","1K"
"7880065","群馬県前橋市表町２丁目","２３−８","139.07477111111112","36.381783055555559","29000","19.389999","1R"
"4034363","群馬県前橋市天川原町１丁目","２−１","139.08026806347252","36.372260333992628","28000","16","1R"
"10266073","群馬県前橋市上小出町３丁目","９−２０","139.06254777800001","36.414435277800003","46000","35.299999","2DK"
"4035607","群馬県前橋市江木町","１３４１−３０","139.13827305555554","36.39501388888889","35500","23.200001","1K"
"7002948","群馬県前橋市表町２丁目","２３−８","139.07477111111112","36.381783055555559","28000","17.280001","1R"
"4034362","群馬県前橋市天川原町１丁目","２−１","139.08026806347252","36.372260333992628","29800","16","1R"
"15963888","群馬県前橋市下小出町３丁目","７−１５","139.06900944444445","36.411753611111109","25000","24.299999","1K"
"10573132","群馬県前橋市上小出町３丁目","９−２０","139.06254777800001","36.414435277800003","46000","35.299999","2DK"
"4031768","群馬県前橋市江木町","１３４１−３０","139.13827305555554","36.39501388888889","38000","23.200001","1K"
"6816265","群馬県前橋市表町２丁目","２３−８","139.07477111111112","36.381783055555559","80000","67.5","3LDK"
"4034297","群馬県前橋市天川原町１丁目","２−１","139.08026806347252","36.372260333992628","24000","16","1R"
"4032098","群馬県前橋市古市町１丁目","５−２０","139.05745305555556","36.375633055555554","64000","58.529999","2LDK"
"15963871","群馬県前橋市下小出町３丁目","７−１５","139.06900944444445","36.411753611111109","26000","21","1K"
"4031484","群馬県前橋市江木町","１３４１−３０","139.13827305555554","36.39501388888889","35500","23.200001","1K"
"7562000","群馬県前橋市表町２丁目","２３−８","139.07477111111112","36.381783055555559","52000","29.16","1DK"
"4032077","群馬県前橋市古市町１丁目","５−２０","139.05745305555556","36.375633055555554","64000","58.119999","2LDK"
"4036979","群馬県前橋市南町３丁目","４８−７","139.07210000000001","36.378588055555554","29000","19.25","1DK"
"5492636","群馬県前橋市表町２丁目","２３−８","139.07477111111112","36.381783055555559","37000","19.440001","1K"
"4032074","群馬県前橋市古市町１丁目","５−２０","139.05745305555556","36.375633055555554","57000","44.34","2DK"
"4036443","群馬県前橋市南町３丁目","４８−７","139.07210000000001","36.378588055555554","29000","19.25","1DK"
"5256715","群馬県前橋市表町２丁目","２３−８","139.07477111111112","36.381783055555559","29000","17.280001","1R"
"4166020","群馬県高崎市真町","５１−１","139.01281499999999","36.323173611111109","110000","59.799999","2LDK"
"4032073","群馬県前橋市古市町１丁目","５−２０","139.05745305555556","36.375633055555554","57000","44.34","2DK"
"4036444","群馬県前橋市南町３丁目","４８−７","139.07210000000001","36.378588055555554","29000","19.25","1DK"
"4125603","群馬県前橋市表町２丁目","２３−８","139.07477111111112","36.381783055555559","49000","24.48","1K"
"16873682","群馬県前橋市北代田町","１７４−４５","139.08000250000001","36.40952166666667","24000","21.290001","1R"
"4034796","群馬県前橋市南町３丁目","４８−７","139.07210000000001","36.378588055555554","29000","19.25","1DK"
"4037258","群馬県前橋市表町２丁目","２３−８","139.07477111111112","36.381783055555559","26000","17.280001","1R"
"15488067","群馬県前橋市北代田町","１７４−４５","139.08000250000001","36.40952166666667","28000","21.290001","1R"
"4034795","群馬県前橋市南町３丁目","４８−７","139.07210000000001","36.378588055555554","29000","19.25","1DK"
"4036706","群馬県前橋市表町２丁目","２３−８","139.07477111111112","36.381783055555559","33000","17.280001","1R"
"4034004","群馬県前橋市南町３丁目","４８−７","139.07210000000001","36.378588055555554","29000","19.25","1DK"
"4036707","群馬県前橋市表町２丁目","２３−８","139.07477111111112","36.381783055555559","33000","17.280001","1R"
"17170531","群馬県前橋市古市町１丁目","４３−１０","139.0543111111111","36.373275","25000","22.1","1K"
"4034003","群馬県前橋市南町３丁目","４８−７","139.07210000000001","36.378588055555554","29000","19.25","1DK"
"4036403","群馬県前橋市表町２丁目","２３−８","139.07477111111112","36.381783055555559","40000","19.440001","1R"
"16899044","群馬県前橋市古市町１丁目","４３−１０","139.0543111111111","36.373275","33000","23.65","1K"
"13775021","群馬県前橋市南町３丁目","４８−７","139.07210000000001","36.378588055555554","33000","19.25","1DK"
"4035709","群馬県前橋市表町２丁目","２３−８","139.07477111111112","36.381783055555559","45000","19.389999","1R"
"14577436","群馬県前橋市古市町１丁目","４３−１０","139.0543111111111","36.373275","30000","23.65","1K"
"12797917","群馬県前橋市南町３丁目","４８−７","139.07210000000001","36.378588055555554","31000","19.25","1DK"
"4033703","群馬県前橋市表町２丁目","２３−８","139.07477111111112","36.381783055555559","28000","19.440001","1R"
"9288044","群馬県前橋市古市町１丁目","４３−１０","139.0543111111111","36.373275","30000","18.360001","1K"
"4036248","群馬県前橋市総社町４丁目","９−５","139.0389011111111","36.401256944444441","67000","57.009998","2LDK"
"4032301","群馬県前橋市表町２丁目","２３−８","139.07477111111112","36.381783055555559","30000","17.280001","1R"
"4377709","群馬県前橋市古市町１丁目","４３−１０","139.0543111111111","36.373275","39000","27.43","1K"
"4035447","群馬県前橋市総社町４丁目","９−５","139.0389011111111","36.401256944444441","78000","62.869999","2LDK"
"4032230","群馬県前橋市表町２丁目","２３−８","139.07477111111112","36.381783055555559","29000","17.280001","1R"
"4036870","群馬県前橋市古市町１丁目","４３−１０","139.0543111111111","36.373275","63000","45.380001","2DK"
"4033719","群馬県前橋市総社町４丁目","９−５","139.0389011111111","36.401256944444441","77000","63.48","2LDK"
"4032120","群馬県前橋市表町２丁目","２３−８","139.07477111111112","36.381783055555559","79000","67.5","3LDK"
"4036723","群馬県前橋市古市町１丁目","４３−１０","139.0543111111111","36.373275","40000","24.190001","1K"
"4033176","群馬県前橋市総社町４丁目","９−５","139.0389011111111","36.401256944444441","78000","62.869999","2LDK"
"4032049","群馬県前橋市表町２丁目","２３−８","139.07477111111112","36.381783055555559","40000","19.440001","1R"
"4036724","群馬県前橋市古市町１丁目","４３−１０","139.0543111111111","36.373275","40000","24.190001","1K"
"4033175","群馬県前橋市総社町４丁目","９−５","139.0389011111111","36.401256944444441","77000","63.48","2LDK"
"4032048","群馬県前橋市表町２丁目","２３−８","139.07477111111112","36.381783055555559","45000","19.440001","1R"
"4036465","群馬県前橋市古市町１丁目","４３−１０","139.0543111111111","36.373275","39000","18.360001","1K"
"4033174","群馬県前橋市総社町４丁目","９−５","139.0389011111111","36.401256944444441","77000","62.869999","2LDK"
"7063019","群馬県前橋市表町２丁目","２３−８","139.07477111111112","36.381783055555559","38000","19.440001","1R"
"4036464","群馬県前橋市古市町１丁目","４３−１０","139.0543111111111","36.373275","39000","18.360001","1K"
"4033159","群馬県前橋市総社町４丁目","９−５","139.0389011111111","36.401256944444441","78000","62.869999","2LDK"
"4032009","群馬県前橋市表町２丁目","２３−８","139.07477111111112","36.381783055555559","30000","17.280001","1R"
"4036241","群馬県前橋市古市町１丁目","４３−１０","139.0543111111111","36.373275","35000","22.1","1R"
"4032008","群馬県前橋市表町２丁目","２３−８","139.07477111111112","36.381783055555559","55000","29.16","1DK"
"4036242","群馬県前橋市古市町１丁目","４３−１０","139.0543111111111","36.373275","35000","22.1","1R"
"13814951","群馬県前橋市表町２丁目","２３−８","139.07477111111112","36.381783055555559","29000","17.280001","1R"
"4031941","群馬県前橋市表町２丁目","２３−８","139.07477111111112","36.381783055555559","30000","17.280001","1R"
"4031769","群馬県前橋市表町２丁目","２３−８","139.07477111111112","36.381783055555559","45000","17.280001","1R"
"17886423","群馬県前橋市問屋町２丁目","８−３","139.04183305555554","36.392359999999996","50000","54.369999","1SLDK"
"6836006","群馬県前橋市問屋町２丁目","８−３","139.04183305555554","36.392359999999996","58000","53.970001","2LDK"
"4035790","群馬県前橋市天川大島町３丁目","３５−５","139.1055638888889","36.372590000000002","35000","28.969999","1K"
"6836005","群馬県前橋市問屋町２丁目","８−３","139.04183305555554","36.392359999999996","58000","53.970001","2LDK"
"4035791","群馬県前橋市天川大島町３丁目","３５−５","139.1055638888889","36.372590000000002","35000","28.969999","1K"
"6413930","群馬県前橋市問屋町２丁目","８−３","139.04183305555554","36.392359999999996","58000","53.970001","3DK"
"4035641","群馬県前橋市天川大島町３丁目","３５−５","139.1055638888889","36.372590000000002","32000","24.01","1K"
"4032784","群馬県前橋市問屋町２丁目","８−３","139.04183305555554","36.392359999999996","63000","54.66","3DK"
"17011392","群馬県前橋市総社町高井","９５−１","139.028444444","36.4126352778","67000","49.849998","2LDK"
"4035340","群馬県前橋市天川大島町３丁目","３５−５","139.1055638888889","36.372590000000002","39000","24.01","1K"
"4032799","群馬県前橋市問屋町２丁目","８−３","139.04183305555554","36.392359999999996","63000","54.66","3DK"
"17011391","群馬県前橋市総社町高井","９５−１","139.028444444","36.4126352778","66000","49.849998","2LDK"
"17498643","群馬県前橋市天川大島町３丁目","３５−５","139.1055638888889","36.372590000000002","35000","28.969999","1K"
"4032313","群馬県前橋市問屋町２丁目","８−３","139.04183305555554","36.392359999999996","55000","53.970001","3DK"
"17011390","群馬県前橋市総社町高井","９５−１","139.028444444","36.4126352778","66000","49.849998","2LDK"
"9968569","群馬県前橋市天川大島町３丁目","３５−５","139.1055638888889","36.372590000000002","32000","28.969999","1K"
"4031975","群馬県前橋市問屋町２丁目","８−３","139.04183305555554","36.392359999999996","55000","53.970001","2SDK"
"16798978","群馬県高崎市東貝沢町１丁目","１８−７","139.03842462529749","36.339013840855003","86000","57.310001","2LDK"
"17011361","群馬県前橋市総社町高井","９５−１","139.028444444","36.4126352778","66000","49.849998","2LDK"
"4034986","群馬県前橋市天川大島町３丁目","３５−５","139.1055638888889","36.372590000000002","32000","28.969999","1K"
"4031849","群馬県前橋市問屋町２丁目","８−３","139.04183305555554","36.392359999999996","54000","54.369999","3DK"
"16798932","群馬県高崎市東貝沢町１丁目","１８−７","139.03842462529749","36.339013840855003","88000","57.310001","2LDK"
"17011362","群馬県前橋市総社町高井","９５−１","139.028444444","36.4126352778","67000","49.849998","2LDK"
"7759596","群馬県前橋市天川大島町３丁目","３５−５","139.1055638888889","36.372590000000002","30000","24.01","1K"
"17011360","群馬県前橋市総社町高井","９５−１","139.028444444","36.4126352778","66000","49.849998","2LDK"
"4037422","群馬県前橋市総社町総社","１４２０−２","139.04588199044832","36.405823589794942","36000","39.599998","2DK"
"4031388","群馬県前橋市問屋町２丁目","８−３","139.04183305555554","36.392359999999996","58000","54.369999","3DK"
"4038164","群馬県前橋市古市町１丁目","９−６","139.05738500000001","36.374233055555557","50000","24.76","1K"
"17011364","群馬県前橋市総社町高井","９５−１","139.028444444","36.4126352778","67000","49.849998","2LDK"
"4037419","群馬県前橋市総社町総社","１４２０−２","139.04588199044832","36.405823589794942","45000","39.599998","2DK"
"15067939","群馬県前橋市住吉町２丁目","３−２０","139.07606805555557","36.391668055555556","48000","26.92","1K"
"4038163","群馬県前橋市古市町１丁目","９−６","139.05738500000001","36.374233055555557","48000","24.76","1K"
"17011363","群馬県前橋市総社町高井","９５−１","139.028444444","36.4126352778","67000","49.849998","2LDK"
"4037334","群馬県前橋市総社町総社","１４２０−２","139.04588199044832","36.405823589794942","38000","39.599998","2DK"
"5419337","群馬県前橋市下小出町３丁目","２３−１２","139.06621694399999","36.413814722200001","40000","26.51","1K"
"5419338","群馬県前橋市下小出町３丁目","２３−１２","139.06621694399999","36.413814722200001","40000","26.51","1K"
"4038162","群馬県前橋市古市町１丁目","９−６","139.05738500000001","36.374233055555557","48000","24.76","1K"
"5419335","群馬県前橋市下小出町３丁目","２３−１２","139.06621694399999","36.413814722200001","40000","26.51","1K"
"4037440","群馬県前橋市総社町総社","１４２０−２","139.04588199044832","36.405823589794942","45000","39.599998","2DK"
"14714421","群馬県前橋市住吉町２丁目","３−２０","139.07606805555557","36.391668055555556","38000","26.92","1K"
"4035316","群馬県前橋市富士見町時沢","３１１４−５","139.09764388888888","36.438834999999997","25000","18","1K"
"4036758","群馬県前橋市古市町１丁目","９−６","139.05738500000001","36.374233055555557","50000","24.76","1K"
"5419336","群馬県前橋市下小出町３丁目","２３−１２","139.06621694399999","36.413814722200001","40000","26.51","1K"
"4036532","群馬県前橋市総社町総社","１４２０−２","139.04588199044832","36.405823589794942","38000","39.599998","2DK"
"14471029","群馬県前橋市住吉町２丁目","３−２０","139.07606805555557","36.391668055555556","72000","58.580002","3LDK"
"16798931","群馬県高崎市東貝沢町１丁目","１８−７","139.03842462529749","36.339013840855003","84000","57.310001","2LDK"
"4036695","群馬県前橋市古市町１丁目","９−６","139.05738500000001","36.374233055555557","49000","24.76","1K"
"5419332","群馬県前橋市下小出町３丁目","２３−１２","139.06621694399999","36.413814722200001","41000","26.51","1K"
"4036281","群馬県前橋市総社町総社","１４２０−２","139.04588199044832","36.405823589794942","36000","39.599998","2DK"
"6191945","群馬県前橋市住吉町２丁目","３−２０","139.07606805555557","36.391668055555556","48000","26.92","1K"
"4036451","群馬県前橋市古市町１丁目","９−６","139.05738500000001","36.374233055555557","50000","24.76","1K"
"5419330","群馬県前橋市下小出町３丁目","２３−１２","139.06621694399999","36.413814722200001","39000","26.51","1K"
"4035933","群馬県前橋市総社町総社","１４２０−２","139.04588199044832","36.405823589794942","38000","39.599998","2DK"
"4037132","群馬県前橋市住吉町２丁目","３−２０","139.07606805555557","36.391668055555556","45000","26.92","1K"
"4036450","群馬県前橋市古市町１丁目","９−６","139.05738500000001","36.374233055555557","48000","24.76","1K"
"5419327","群馬県前橋市下小出町３丁目","２３−１２","139.06621694399999","36.413814722200001","40000","26.51","1K"
"4035916","群馬県前橋市総社町総社","１４２０−２","139.04588199044832","36.405823589794942","38000","39.599998","2DK"
"4035606","群馬県前橋市住吉町２丁目","３−２０","139.07606805555557","36.391668055555556","58000","34.560001","1DK"
"16798929","群馬県高崎市東貝沢町１丁目","１８−７","139.03842462529749","36.339013840855003","82000","57.310001","2LDK"
"4036064","群馬県前橋市古市町１丁目","９−６","139.05738500000001","36.374233055555557","49000","24.76","1K"
"5419328","群馬県前橋市下小出町３丁目","２３−１２","139.06621694399999","36.413814722200001","40000","26.51","1K"
"4034792","群馬県前橋市総社町総社","１４２０−２","139.04588199044832","36.405823589794942","47000","39.599998","2DK"
"4034134","群馬県前橋市住吉町２丁目","３−２０","139.07606805555557","36.391668055555556","70000","58.580002","3LDK"
"16798928","群馬県高崎市東貝沢町１丁目","１８−７","139.03842462529749","36.339013840855003","85000","53.82","2LDK"
"4036063","群馬県前橋市古市町１丁目","９−６","139.05738500000001","36.374233055555557","50000","24.76","1K"
"5419326","群馬県前橋市下小出町３丁目","２３−１２","139.06621694399999","36.413814722200001","42000","26.51","1K"
"4034789","群馬県前橋市総社町総社","１４２０−２","139.04588199044832","36.405823589794942","36000","39.599998","2DK"
"4034129","群馬県前橋市住吉町２丁目","３−２０","139.07606805555557","36.391668055555556","52000","26.92","1K"
"4035929","群馬県前橋市古市町１丁目","９−６","139.05738500000001","36.374233055555557","52000","24.76","1K"
"5419324","群馬県前橋市下小出町３丁目","２３−１２","139.06621694399999","36.413814722200001","39000","26.51","1K"
"4034232","群馬県前橋市総社町総社","１４２０−２","139.04588199044832","36.405823589794942","36000","39.599998","2DK"
"4033601","群馬県前橋市住吉町２丁目","３−２０","139.07606805555557","36.391668055555556","100000","58.580002","3LDK"
"4035911","群馬県前橋市古市町１丁目","９−６","139.05738500000001","36.374233055555557","51000","24.76","1K"
"5419322","群馬県前橋市下小出町３丁目","２３−１２","139.06621694399999","36.413814722200001","40000","26.51","1K"
"4034000","群馬県前橋市総社町総社","１４２０−２","139.04588199044832","36.405823589794942","48000","39.599998","2DK"
"4032364","群馬県前橋市住吉町２丁目","３−２０","139.07606805555557","36.391668055555556","90000","65.550003","3LDK"
"16798927","群馬県高崎市東貝沢町１丁目","１８−７","139.03842462529749","36.339013840855003","83000","53.82","2LDK"
"4034738","群馬県前橋市古市町１丁目","９−６","139.05738500000001","36.374233055555557","49000","24.76","1K"
"5419321","群馬県前橋市下小出町３丁目","２３−１２","139.06621694399999","36.413814722200001","40000","26.51","1K"
"4034001","群馬県前橋市総社町総社","１４２０−２","139.04588199044832","36.405823589794942","48000","39.599998","2DK"
"4031317","群馬県前橋市住吉町２丁目","３−２０","139.07606805555557","36.391668055555556","69000","58.580002","2SLDK"
"4034133","群馬県前橋市古市町１丁目","９−６","139.05738500000001","36.374233055555557","52000","24.76","1K"
"5419320","群馬県前橋市下小出町３丁目","２３−１２","139.06621694399999","36.413814722200001","40000","26.51","1K"
"4033723","群馬県前橋市総社町総社","１４２０−２","139.04588199044832","36.405823589794942","39000","39.599998","2DK"
"16798926","群馬県高崎市東貝沢町１丁目","１８−７","139.03842462529749","36.339013840855003","81000","53.82","2LDK"
"4034085","群馬県前橋市古市町１丁目","９−６","139.05738500000001","36.374233055555557","51000","24.76","1K"
"5419319","群馬県前橋市下小出町３丁目","２３−１２","139.06621694399999","36.413814722200001","40000","26.51","1K"
"4033549","群馬県前橋市総社町総社","１４２０−２","139.04588199044832","36.405823589794942","39000","39.599998","2DK"
"16798925","群馬県高崎市東貝沢町１丁目","１８−７","139.03842462529749","36.339013840855003","79000","53.82","2LDK"
"4033222","群馬県前橋市古市町１丁目","９−６","139.05738500000001","36.374233055555557","50000","24.76","1K"
"5419318","群馬県前橋市下小出町３丁目","２３−１２","139.06621694399999","36.413814722200001","38000","26.51","1K"
"4033036","群馬県前橋市総社町総社","１４２０−２","139.04588199044832","36.405823589794942","38000","39.599998","2DK"
"5419316","群馬県前橋市下小出町３丁目","２３−１２","139.06621694399999","36.413814722200001","39000","26.51","1K"
"4032996","群馬県前橋市総社町総社","１４２０−２","139.04588199044832","36.405823589794942","38000","39.599998","2DK"
"4034423","群馬県前橋市総社町２丁目","９−２７","139.04732611111112","36.401891944444444","47000","40.150002","2K"
"16798921","群馬県高崎市東貝沢町１丁目","１８−７","139.03842462529749","36.339013840855003","85000","53.82","2LDK"
"5419312","群馬県前橋市下小出町３丁目","２３−１２","139.06621694399999","36.413814722200001","39000","26.51","1K"
"4032350","群馬県前橋市総社町総社","１４２０−２","139.04588199044832","36.405823589794942","36000","39.599998","2DK"
"4037404","群馬県前橋市天川町","１５−５","139.09271611111112","36.371146111111109","41000","27","1K"
"16798920","群馬県高崎市東貝沢町１丁目","１８−７","139.03842462529749","36.339013840855003","83000","53.82","2LDK"
"6565653","群馬県前橋市総社町総社","１４２０−２","139.04588199044832","36.405823589794942","39000","39.599998","1LDK"
"4036423","群馬県前橋市天川町","１５−５","139.09271611111112","36.371146111111109","39000","27","1K"
"16798919","群馬県高崎市東貝沢町１丁目","１８−７","139.03842462529749","36.339013840855003","81000","53.82","2LDK"
"4031712","群馬県前橋市総社町総社","１４２０−２","139.04588199044832","36.405823589794942","50000","39.599998","2DK"
"4036400","群馬県前橋市天川町","１５−５","139.09271611111112","36.371146111111109","35000","20.299999","1R"
"16798918","群馬県高崎市東貝沢町１丁目","１８−７","139.03842462529749","36.339013840855003","79000","53.82","2LDK"
"6806484","群馬県前橋市総社町総社","１４２０−２","139.04588199044832","36.405823589794942","50000","39.599998","2DK"
"4036214","群馬県前橋市天川町","１５−５","139.09271611111112","36.371146111111109","35000","20.299999","1R"
"16798906","群馬県高崎市東貝沢町１丁目","１８−７","139.03842462529749","36.339013840855003","88000","57.310001","2LDK"
"4031711","群馬県前橋市総社町総社","１４２０−２","139.04588199044832","36.405823589794942","36000","39.599998","2DK"
"4035201","群馬県前橋市天川町","１５−５","139.09271611111112","36.371146111111109","42000","27","1K"
"4037151","群馬県前橋市南町３丁目","１−１","139.07107694444446","36.378985","65000","53.110001","3DK"
"16798905","群馬県高崎市東貝沢町１丁目","１８−７","139.03842462529749","36.339013840855003","86000","57.310001","2LDK"
"13676929","群馬県前橋市青柳町","４４５−２","139.06876583299999","36.416652777800003","66000","57.150002","2LDK"
"4031710","群馬県前橋市総社町総社","１４２０−２","139.04588199044832","36.405823589794942","50000","39.599998","2DK"
"4035200","群馬県前橋市天川町","１５−５","139.09271611111112","36.371146111111109","42000","27","1K"
"4037057","群馬県前橋市南町３丁目","１−１","139.07107694444446","36.378985","65000","53.080002","2LDK"
"16798904","群馬県高崎市東貝沢町１丁目","１８−７","139.03842462529749","36.339013840855003","84000","57.310001","2LDK"
"13676928","群馬県前橋市青柳町","４４５−２","139.06876583299999","36.416652777800003","66000","57.150002","2LDK"
"4031709","群馬県前橋市総社町総社","１４２０−２","139.04588199044832","36.405823589794942","38000","39.599998","2DK"
"4033765","群馬県前橋市天川町","１５−５","139.09271611111112","36.371146111111109","36000","20.299999","1R"
"4037056","群馬県前橋市南町３丁目","１−１","139.07107694444446","36.378985","70000","53.110001","3LDK"
"16798902","群馬県高崎市東貝沢町１丁目","１８−７","139.03842462529749","36.339013840855003","82000","57.310001","2LDK"
"13676926","群馬県前橋市青柳町","４４５−２","139.06876583299999","36.416652777800003","66000","57.150002","2LDK"
"4031502","群馬県前橋市総社町総社","１４２０−２","139.04588199044832","36.405823589794942","50000","39.599998","2DK"
"4033604","群馬県前橋市天川町","１５−５","139.09271611111112","36.371146111111109","41000","25.299999","1K"
"4037055","群馬県前橋市南町３丁目","１−１","139.07107694444446","36.378985","62000","53.110001","3LDK"
"16798190","群馬県高崎市東貝沢町１丁目","１８−７","139.03842462529749","36.339013840855003","78000","57.310001","2LDK"
"13676924","群馬県前橋市青柳町","４４５−２","139.06876583299999","36.416652777800003","60000","57.150002","2LDK"
"6920405","群馬県前橋市北代田町","２７７−４","139.07511015251882","36.408696577451742","43000","37.619999","1DK"
"4031501","群馬県前橋市総社町総社","１４２０−２","139.04588199044832","36.405823589794942","50000","39.599998","2DK"
"4032960","群馬県前橋市天川町","１５−５","139.09271611111112","36.371146111111109","44000","20.299999","1R"
"4036947","群馬県前橋市南町３丁目","１−１","139.07107694444446","36.378985","62000","53.110001","3DK"
"16798187","群馬県高崎市東貝沢町１丁目","１８−７","139.03842462529749","36.339013840855003","75000","53.82","2LDK"
"13676923","群馬県前橋市青柳町","４４５−２","139.06876583299999","36.416652777800003","66000","57.150002","2LDK"
"6920406","群馬県前橋市北代田町","２７７−４","139.07511015251882","36.408696577451742","43000","37.619999","1DK"
"4031500","群馬県前橋市総社町総社","１４２０−２","139.04588199044832","36.405823589794942","50000","39.599998","2DK"
"4032959","群馬県前橋市天川町","１５−５","139.09271611111112","36.371146111111109","44000","20.299999","1R"
"4036945","群馬県前橋市南町３丁目","１−１","139.07107694444446","36.378985","62000","53.110001","3LDK"
"16798181","群馬県高崎市東貝沢町１丁目","１８−７","139.03842462529749","36.339013840855003","77000","53.82","2LDK"
"13676922","群馬県前橋市青柳町","４４５−２","139.06876583299999","36.416652777800003","59000","57.150002","2LDK"
"5383588","群馬県前橋市北代田町","２７７−４","139.07511015251882","36.408696577451742","46000","36.630001","1LDK"
"5534459","群馬県前橋市総社町総社","１４２０−２","139.04588199044832","36.405823589794942","39000","39.599998","2DK"
"4032834","群馬県前橋市天川町","１５−５","139.09271611111112","36.371146111111109","38000","20.299999","1R"
"4036944","群馬県前橋市南町３丁目","１−１","139.07107694444446","36.378985","63000","53.110001","2LDK"
"16798166","群馬県高崎市東貝沢町１丁目","１８−７","139.03842462529749","36.339013840855003","78000","57.310001","2LDK"
"13676921","群馬県前橋市青柳町","４４５−２","139.06876583299999","36.416652777800003","52000","57.150002","2LDK"
"5383589","群馬県前橋市北代田町","２７７−４","139.07511015251882","36.408696577451742","46000","36.630001","1LDK"
"4031498","群馬県前橋市総社町総社","１４２０−２","139.04588199044832","36.405823589794942","50000","39.599998","2DK"
"4032835","群馬県前橋市天川町","１５−５","139.09271611111112","36.371146111111109","38000","20.299999","1R"
"4036943","群馬県前橋市南町３丁目","１−１","139.07107694444446","36.378985","62000","53.110001","3LDK"
"13676919","群馬県前橋市青柳町","４４５−２","139.06876583299999","36.416652777800003","53000","57.150002","2LDK"
"5383577","群馬県前橋市北代田町","２７７−４","139.07511015251882","36.408696577451742","46000","36.630001","1LDK"
"4031262","群馬県前橋市総社町総社","１４２０−２","139.04588199044832","36.405823589794942","50000","39.599998","2DK"
"4368347","群馬県前橋市天川町","１５−５","139.09271611111112","36.371146111111109","40000","25.299999","1K"
"4036929","群馬県前橋市南町３丁目","１−１","139.07107694444446","36.378985","64000","53.080002","3DK"
"13676916","群馬県前橋市青柳町","４４５−２","139.06876583299999","36.416652777800003","58000","57.150002","2LDK"
"5383578","群馬県前橋市北代田町","２７７−４","139.07511015251882","36.408696577451742","46000","36.630001","1LDK"
"4032432","群馬県前橋市天川町","１５−５","139.09271611111112","36.371146111111109","40000","25.299999","1K"
"4036928","群馬県前橋市南町３丁目","１−１","139.07107694444446","36.378985","62000","53.110001","3LDK"
"13676914","群馬県前橋市青柳町","４４５−２","139.06876583299999","36.416652777800003","56000","57.150002","2LDK"
"5361921","群馬県前橋市北代田町","２７７−４","139.07511015251882","36.408696577451742","43000","32.34","1DK"
"7711650","群馬県前橋市天川町","１５−５","139.09271611111112","36.371146111111109","40000","25.299999","1K"
"4036844","群馬県前橋市南町３丁目","１−１","139.07107694444446","36.378985","76000","53.110001","3LDK"
"13676913","群馬県前橋市青柳町","４４５−２","139.06876583299999","36.416652777800003","56000","57.150002","2LDK"
"5361918","群馬県前橋市北代田町","２７７−４","139.07511015251882","36.408696577451742","42000","32.34","1DK"
"6488716","群馬県前橋市天川町","１５−５","139.09271611111112","36.371146111111109","37000","20.299999","1R"
"13676911","群馬県前橋市青柳町","４４５−２","139.06876583299999","36.416652777800003","52000","57.150002","2LDK"
"5361917","群馬県前橋市北代田町","２７７−４","139.07511015251882","36.408696577451742","42000","32.34","1DK"
"7712105","群馬県前橋市天川町","１５−５","139.09271611111112","36.371146111111109","40000","27","1K"
"4036843","群馬県前橋市南町３丁目","１−１","139.07107694444446","36.378985","67000","53.110001","2LDK"
"13676910","群馬県前橋市青柳町","４４５−２","139.06876583299999","36.416652777800003","66000","57.150002","2LDK"
"5361900","群馬県前橋市北代田町","２７７−４","139.07511015251882","36.408696577451742","44000","34.650002","1DK"
"5293742","群馬県前橋市天川町","１５−５","139.09271611111112","36.371146111111109","40000","27","1K"
"4036842","群馬県前橋市南町３丁目","１−１","139.07107694444446","36.378985","72000","53.110001","3LDK"
"13676915","群馬県前橋市青柳町","４４５−２","139.06876583299999","36.416652777800003","55000","57.150002","2LDK"
"5361899","群馬県前橋市北代田町","２７７−４","139.07511015251882","36.408696577451742","44000","34.650002","1DK"
"5222761","群馬県前橋市天川町","１５−５","139.09271611111112","36.371146111111109","44000","25.299999","1K"
"4036841","群馬県前橋市南町３丁目","１−１","139.07107694444446","36.378985","65000","53.080002","2LDK"
"13676909","群馬県前橋市青柳町","４４５−２","139.06876583299999","36.416652777800003","55000","57.150002","2LDK"
"5361851","群馬県前橋市北代田町","２７７−４","139.07511015251882","36.408696577451742","41000","32.34","1DK"
"4031305","群馬県前橋市天川町","１５−５","139.09271611111112","36.371146111111109","44000","25.299999","1K"
"4036840","群馬県前橋市南町３丁目","１−１","139.07107694444446","36.378985","66000","53.080002","2LDK"
"5361831","群馬県前橋市北代田町","２７７−４","139.07511015251882","36.408696577451742","40000","32.34","1DK"
"7712121","群馬県前橋市天川町","１５−５","139.09271611111112","36.371146111111109","40000","27","1K"
"4036825","群馬県前橋市南町３丁目","１−１","139.07107694444446","36.378985","68000","53.110001","3LDK"
"5361816","群馬県前橋市北代田町","２７７−４","139.07511015251882","36.408696577451742","44000","36.630001","1LDK"
"4036824","群馬県前橋市南町３丁目","１−１","139.07107694444446","36.378985","65000","53.080002","2LDK"
"5361817","群馬県前橋市北代田町","２７７−４","139.07511015251882","36.408696577451742","44000","36.630001","1LDK"
"4036823","群馬県前橋市南町３丁目","１−１","139.07107694444446","36.378985","65000","53.110001","2LDK"
"5361779","群馬県前橋市北代田町","２７７−４","139.07511015251882","36.408696577451742","44000","36.630001","1LDK"
"4036755","群馬県前橋市南町３丁目","１−１","139.07107694444446","36.378985","62000","53.080002","2LDK"
"5361780","群馬県前橋市北代田町","２７７−４","139.07511015251882","36.408696577451742","44000","36.630001","1LDK"
"4036754","群馬県前橋市南町３丁目","１−１","139.07107694444446","36.378985","62000","53.110001","3LDK"
"17540512","群馬県前橋市上小出町１丁目","１７−８","139.06396388900001","36.407890833300002","47000","49.119999","1LDK"
"4036753","群馬県前橋市南町３丁目","１−１","139.07107694444446","36.378985","67000","53.110001","2LDK"
"15334204","群馬県前橋市富士見町時沢","２３０９","139.0859308480575","36.437976599559995","50000","39.59","2K"
"13378529","群馬県前橋市上小出町１丁目","１７−８","139.06396388900001","36.407890833300002","47000","49.119999","2DK"
"4036752","群馬県前橋市南町３丁目","１−１","139.07107694444446","36.378985","64000","53.080002","2LDK"
"15334203","群馬県前橋市富士見町時沢","２３０９","139.0859308480575","36.437976599559995","50000","39.59","2K"
"13378528","群馬県前橋市上小出町１丁目","１７−８","139.06396388900001","36.407890833300002","47000","49.119999","2DK"
"4037412","群馬県前橋市若宮町２丁目","１４−２９","139.0740361111111","36.398359999999997","40000","39.599998","2DK"
"4036751","群馬県前橋市南町３丁目","１−１","139.07107694444446","36.378985","67000","53.110001","2LDK"
"15334201","群馬県前橋市富士見町時沢","２３０９","139.0859308480575","36.437976599559995","50000","39.59","2K"
"12831978","群馬県前橋市上小出町１丁目","１７−８","139.06396388900001","36.407890833300002","43000","49.119999","2DK"
"4034808","群馬県前橋市若宮町２丁目","１４−２９","139.0740361111111","36.398359999999997","40000","39.599998","1LDK"
"4036308","群馬県前橋市南町３丁目","１−１","139.07107694444446","36.378985","70000","53.080002","2LDK"
"15334200","群馬県前橋市富士見町時沢","２３０９","139.0859308480575","36.437976599559995","50000","39.59","2K"
"5276983","群馬県前橋市上小出町１丁目","１７−８","139.06396388900001","36.407890833300002","46000","49.119999","2DK"
"4034352","群馬県前橋市若宮町２丁目","１４−２９","139.0740361111111","36.398359999999997","40000","39.599998","2DK"
"17356216","群馬県前橋市総社町植野","３４６−２，１","139.03966111111112","36.408348055555557","55000","50.119999","2DK"
"15334199","群馬県前橋市富士見町時沢","２３０９","139.0859308480575","36.437976599559995","50000","39.59","2K"
"4034119","群馬県前橋市若宮町２丁目","１４−２９","139.0740361111111","36.398359999999997","40000","39.599998","2DK"
"11251363","群馬県前橋市総社町植野","３４６−２，１","139.03966111111112","36.408348055555557","49000","41.919998","2K"
"15334198","群馬県前橋市富士見町時沢","２３０９","139.0859308480575","36.437976599559995","50000","39.59","2K"
"4034120","群馬県前橋市若宮町２丁目","１４−２９","139.0740361111111","36.398359999999997","50000","39.599998","2DK"
"17011878","群馬県前橋市江田町","２４５−１","139.04392194444443","36.36396388888889","60000","50.080002","3DK"
"15334197","群馬県前橋市富士見町時沢","２３０９","139.0859308480575","36.437976599559995","40000","39.59","2K"
"4034109","群馬県前橋市若宮町２丁目","１４−２９","139.0740361111111","36.398359999999997","40000","39.599998","2DK"
"17011877","群馬県前橋市江田町","２４５−１","139.04392194444443","36.36396388888889","56000","50.080002","3DK"
"15334196","群馬県前橋市富士見町時沢","２３０９","139.0859308480575","36.437976599559995","50000","39.59","2K"
"4032827","群馬県前橋市若宮町２丁目","１４−２９","139.0740361111111","36.398359999999997","45000","39.599998","2DK"
"17011875","群馬県前橋市江田町","２４５−１","139.04392194444443","36.36396388888889","54000","50.080002","3DK"
"15334195","群馬県前橋市富士見町時沢","２３０９","139.0859308480575","36.437976599559995","50000","39.59","2K"
"4031952","群馬県前橋市若宮町２丁目","１４−２９","139.0740361111111","36.398359999999997","55000","39.599998","2DK"
"17011872","群馬県前橋市江田町","２４５−１","139.04392194444443","36.36396388888889","59000","50.080002","3DK"
"15334194","群馬県前橋市富士見町時沢","２３０９","139.0859308480575","36.437976599559995","50000","39.59","2K"
"4031951","群馬県前橋市若宮町２丁目","１４−２９","139.0740361111111","36.398359999999997","55000","39.599998","2DK"
"17011852","群馬県前橋市江田町","２４５−１","139.04392194444443","36.36396388888889","59000","50.080002","3DK"
"5199679","群馬県北群馬郡吉岡町大字大久保","３２６５−５","139.02376675396701","36.439578378107704","45000","33.669998","1K"
"15334193","群馬県前橋市富士見町時沢","２３０９","139.0859308480575","36.437976599559995","50000","39.59","2K"
"17011851","群馬県前橋市江田町","２４５−１","139.04392194444443","36.36396388888889","54000","50.080002","3DK"
"5199678","群馬県北群馬郡吉岡町大字大久保","３２６５−５","139.02376675396701","36.439578378107704","44000","30.91","1K"
"15334178","群馬県前橋市富士見町時沢","２３０９","139.0859308480575","36.437976599559995","40000","39.59","2K"
"17011855","群馬県前橋市江田町","２４５−１","139.04392194444443","36.36396388888889","60000","50.080002","3DK"
"5199677","群馬県北群馬郡吉岡町大字大久保","３２６５−５","139.02376675396701","36.439578378107704","44000","30.91","1K"
"4036736","群馬県前橋市総社町総社","２０１３−１","139.03634388888889","36.40072","59000","42.400002","1LDK"
"17011854","群馬県前橋市江田町","２４５−１","139.04392194444443","36.36396388888889","56000","50.080002","3DK"
"5199676","群馬県北群馬郡吉岡町大字大久保","３２６５−５","139.02376675396701","36.439578378107704","45000","33.669998","1K"
"15046821","群馬県前橋市上新田町","１２４８−３","139.06685416666667","36.35998","30000","27.879999","2K"
"4036412","群馬県前橋市総社町総社","２０１３−１","139.03634388888889","36.40072","60000","42.400002","1LDK"
"17011865","群馬県前橋市江田町","２４５−１","139.04392194444443","36.36396388888889","49000","40.91","2DK"
"15046820","群馬県前橋市上新田町","１２４８−３","139.06685416666667","36.35998","30000","27.879999","2K"
"4035093","群馬県前橋市総社町総社","２０１３−１","139.03634388888889","36.40072","60000","42.400002","1LDK"
"17011864","群馬県前橋市江田町","２４５−１","139.04392194444443","36.36396388888889","49000","40.91","2DK"
"15046816","群馬県前橋市上新田町","１２４８−３","139.06685416666667","36.35998","30000","27.879999","2K"
"4035092","群馬県前橋市総社町総社","２０１３−１","139.03634388888889","36.40072","64000","42.400002","1LDK"
"17011871","群馬県前橋市江田町","２４５−１","139.04392194444443","36.36396388888889","50000","40.91","2DK"
"5199673","群馬県北群馬郡吉岡町大字大久保","３２６５−５","139.02376675396701","36.439578378107704","42000","30.91","1K"
"15046815","群馬県前橋市上新田町","１２４８−３","139.06685416666667","36.35998","29000","27.879999","2K"
"4035071","群馬県前橋市総社町総社","２０１３−１","139.03634388888889","36.40072","62000","42.400002","1LDK"
"4034444","群馬県前橋市岩神町２丁目","３−２","139.06268805555555","36.397058055555554","52000","45.84","2DK"
"5199587","群馬県北群馬郡吉岡町大字大久保","３２６５−５","139.02376675396701","36.439578378107704","43000","33.669998","1K"
"15046814","群馬県前橋市上新田町","１２４８−３","139.06685416666667","36.35998","25000","27.879999","2K"
"4035070","群馬県前橋市総社町総社","２０１３−１","139.03634388888889","36.40072","63000","42.400002","1LDK"
"17011858","群馬県前橋市江田町","２４５−１","139.04392194444443","36.36396388888889","49000","40.91","2DK"
"4036654","群馬県前橋市富士見町時沢","３１１４−５","139.09764388888888","36.438834999999997","22000","18.360001","1K"
"15046808","群馬県前橋市上新田町","１２４８−３","139.06685416666667","36.35998","29000","27.879999","2K"
"4035069","群馬県前橋市総社町総社","２０１３−１","139.03634388888889","36.40072","60000","42.400002","1LDK"
"17011857","群馬県前橋市江田町","２４５−１","139.04392194444443","36.36396388888889","49000","40.91","2DK"
"4036481","群馬県前橋市富士見町時沢","３１１４−５","139.09764388888888","36.438834999999997","22000","18","1K"
"15014213","群馬県前橋市石倉町４丁目","４−１０","139.05575754098919","36.384940437323891","50000","49.580002","2DK"
"4034983","群馬県前橋市総社町総社","２０１３−１","139.03634388888889","36.40072","59000","42.400002","1LDK"
"17011860","群馬県前橋市江田町","２４５−１","139.04392194444443","36.36396388888889","54000","40.91","2DK"
"4036482","群馬県前橋市富士見町時沢","３１１４−５","139.09764388888888","36.438834999999997","22000","18","1K"
"15014212","群馬県前橋市石倉町４丁目","４−１０","139.05575754098919","36.384940437323891","50000","49.580002","2DK"
"17359304","群馬県前橋市上小出町２丁目","３４−１０","139.06070405176399","36.413327157557383","30000","20.51","1K"
"4034982","群馬県前橋市総社町総社","２０１３−１","139.03634388888889","36.40072","61000","42.400002","1LDK"
"17011863","群馬県前橋市江田町","２４５−１","139.04392194444443","36.36396388888889","50000","40.91","2DK"
"4036595","群馬県前橋市富士見町時沢","３１１４−５","139.09764388888888","36.438834999999997","22000","18.360001","1K"
"15014210","群馬県前橋市石倉町４丁目","４−１０","139.05575754098919","36.384940437323891","50000","49.580002","2DK"
"17027596","群馬県前橋市上小出町２丁目","３４−１０","139.06070405176399","36.413327157557383","22000","21","1K"
"4034916","群馬県前橋市総社町総社","２０１３−１","139.03634388888889","36.40072","62000","42.400002","1LDK"
"4036382","群馬県前橋市富士見町時沢","３１１４−５","139.09764388888888","36.438834999999997","23000","18","1K"
"15014209","群馬県前橋市石倉町４丁目","４−１０","139.05575754098919","36.384940437323891","50000","49.580002","2DK"
"15478276","群馬県前橋市上小出町２丁目","３４−１０","139.06070405176399","36.413327157557383","38000","42","2K"
"4034915","群馬県前橋市総社町総社","２０１３−１","139.03634388888889","36.40072","64000","42.400002","1LDK"
"4036123","群馬県前橋市富士見町時沢","３１１４−５","139.09764388888888","36.438834999999997","23000","18","1K"
"15014208","群馬県前橋市石倉町４丁目","４−１０","139.05575754098919","36.384940437323891","50000","49.580002","2DK"
"15334420","群馬県前橋市上小出町２丁目","３４−１０","139.06070405176399","36.413327157557383","25000","21","1K"
"4034900","群馬県前橋市総社町総社","２０１３−１","139.03634388888889","36.40072","61000","42.400002","1LDK"
"4035810","群馬県前橋市富士見町時沢","３１１４−５","139.09764388888888","36.438834999999997","28000","18","1K"
"15014207","群馬県前橋市石倉町４丁目","４−１０","139.05575754098919","36.384940437323891","50000","49.580002","2DK"
"15334419","群馬県前橋市上小出町２丁目","３４−１０","139.06070405176399","36.413327157557383","22000","21","1K"
"8655951","群馬県前橋市国領町２丁目","２３−２","139.07034999999999","36.402011944444446","85000","61.040001","3DK"
"4035792","群馬県前橋市富士見町時沢","３１１４−５","139.09764388888888","36.438834999999997","28000","18","1K"
"15014206","群馬県前橋市石倉町４丁目","４−１０","139.05575754098919","36.384940437323891","48000","49.580002","2DK"
"13378625","群馬県前橋市上小出町２丁目","３４−１０","139.06070405176399","36.413327157557383","28000","21","1K"
"7743087","群馬県前橋市国領町２丁目","２３−２","139.07034999999999","36.402011944444446","80000","61.040001","2LDK"
"4035315","群馬県前橋市富士見町時沢","３１１４−５","139.09764388888888","36.438834999999997","25000","18","1K"
"15014205","群馬県前橋市石倉町４丁目","４−１０","139.05575754098919","36.384940437323891","50000","49.580002","2DK"
"9914480","群馬県前橋市上小出町２丁目","３４−１０","139.06070405176399","36.413327157557383","25000","21","1K"
"6067733","群馬県前橋市国領町２丁目","２３−２","139.07034999999999","36.402011944444446","80000","61.040001","3DK"
"15014204","群馬県前橋市石倉町４丁目","４−１０","139.05575754098919","36.384940437323891","45000","49.580002","2DK"
"9914479","群馬県前橋市上小出町２丁目","３４−１０","139.06070405176399","36.413327157557383","30000","21","1K"
"5332157","群馬県前橋市国領町２丁目","２３−２","139.07034999999999","36.402011944444446","80000","61.040001","3DK"
"4035198","群馬県前橋市富士見町時沢","３１１４−５","139.09764388888888","36.438834999999997","22000","18.360001","1K"
"15014203","群馬県前橋市石倉町４丁目","４−１０","139.05575754098919","36.384940437323891","50000","49.580002","2DK"
"9914478","群馬県前橋市上小出町２丁目","３４−１０","139.06070405176399","36.413327157557383","30000","21","1K"
"4536651","群馬県前橋市国領町２丁目","２３−２","139.07034999999999","36.402011944444446","80000","61.040001","3DK"
"5361257","群馬県前橋市富士見町時沢","３１１４−５","139.09764388888888","36.438834999999997","23000","18","1K"
"15014202","群馬県前橋市石倉町４丁目","４−１０","139.05575754098919","36.384940437323891","50000","49.580002","2DK"
"5195334","群馬県前橋市上小出町２丁目","３４−１０","139.06070405176399","36.413327157557383","25000","21","1K"
"4536650","群馬県前橋市国領町２丁目","２３−２","139.07034999999999","36.402011944444446","80000","61.040001","2LDK"
"13725089","群馬県前橋市富士見町時沢","３１１４−５","139.09764388888888","36.438834999999997","23000","18","1K"
"15013936","群馬県前橋市石倉町４丁目","４−１０","139.05575754098919","36.384940437323891","50000","49.580002","2DK"
"5195320","群馬県前橋市上小出町２丁目","３４−１０","139.06070405176399","36.413327157557383","30000","21","1K"
"4200148","群馬県前橋市国領町２丁目","２３−２","139.07034999999999","36.402011944444446","77000","61.040001","3DK"
"4035123","群馬県前橋市富士見町時沢","３１１４−５","139.09764388888888","36.438834999999997","23000","18","1K"
"14980089","群馬県前橋市下小出町２丁目","４−５","139.06524694444445","36.407097777777771","28000","21.6","1K"
"5195307","群馬県前橋市上小出町２丁目","３４−１０","139.06070405176399","36.413327157557383","45000","42","2K"
"4036414","群馬県前橋市国領町２丁目","２３−２","139.07034999999999","36.402011944444446","84000","61.040001","2LDK"
"4035104","群馬県前橋市富士見町時沢","３１１４−５","139.09764388888888","36.438834999999997","32000","18","1K"
"14980088","群馬県前橋市下小出町２丁目","４−５","139.06524694444445","36.407097777777771","28000","21.6","1K"
"16556294","群馬県前橋市川曲町","２９４−５","139.05644222199999","36.354883055599998","25000","23.18","1K"
"4035737","群馬県前橋市国領町２丁目","２３−２","139.07034999999999","36.402011944444446","85000","61.040001","3DK"
"4035105","群馬県前橋市富士見町時沢","３１１４−５","139.09764388888888","36.438834999999997","32000","18","1K"
"14980087","群馬県前橋市下小出町２丁目","４−５","139.06524694444445","36.407097777777771","28000","21.6","1K"
"5195145","群馬県前橋市川曲町","２９４−５","139.05644222199999","36.354883055599998","21000","23.18","1K"
"4035736","群馬県前橋市国領町２丁目","２３−２","139.07034999999999","36.402011944444446","84000","61.040001","3DK"
"4035102","群馬県前橋市富士見町時沢","３１１４−５","139.09764388888888","36.438834999999997","22000","18","1K"
"14980086","群馬県前橋市下小出町２丁目","４−５","139.06524694444445","36.407097777777771","28000","21.6","1K"
"5195118","群馬県前橋市川曲町","２９４−５","139.05644222199999","36.354883055599998","25000","23.18","1K"
"4035580","群馬県前橋市国領町２丁目","２３−２","139.07034999999999","36.402011944444446","86000","61.040001","2LDK"
"4035011","群馬県前橋市富士見町時沢","３１１４−５","139.09764388888888","36.438834999999997","32000","18","1K"
"14980085","群馬県前橋市下小出町２丁目","４−５","139.06524694444445","36.407097777777771","28000","21.6","1K"
"4035468","群馬県前橋市国領町２丁目","２３−２","139.07034999999999","36.402011944444446","90000","61.040001","3DK"
"4037603","群馬県前橋市下小出町２丁目","５１−１２","139.06566888888889","36.410212222222221","27000","20.48","1K"
"14980068","群馬県前橋市下小出町２丁目","４−５","139.06524694444445","36.407097777777771","26000","21.6","1K"
"4036441","群馬県前橋市小神明町","２４５−１","139.09490916666667","36.413196944444444","46000","25.030001","1K"
"4037602","群馬県前橋市下小出町２丁目","５１−１２","139.06566888888889","36.410212222222221","27000","20.48","1K"
"14980067","群馬県前橋市下小出町２丁目","４−５","139.06524694444445","36.407097777777771","28000","21.6","1K"
"4036134","群馬県前橋市小神明町","２４５−１","139.09490916666667","36.413196944444444","42000","25.030001","1K"
"4037584","群馬県前橋市下小出町２丁目","５１−１２","139.06566888888889","36.410212222222221","27000","20.48","1K"
"14980066","群馬県前橋市下小出町２丁目","４−５","139.06524694444445","36.407097777777771","25000","21.6","1K"
"4035298","群馬県前橋市小神明町","２４５−１","139.09490916666667","36.413196944444444","40000","25.030001","1K"
"4037696","群馬県前橋市下小出町２丁目","５１−１２","139.06566888888889","36.410212222222221","32000","20.48","1K"
"15427478","群馬県高崎市天神町","２４−１","139.02249500000002","36.338471944444443","22000","19.57","1K"
"14980055","群馬県前橋市下小出町２丁目","４−５","139.06524694444445","36.407097777777771","25000","21.6","1K"
"4035294","群馬県前橋市小神明町","２４５−１","139.09490916666667","36.413196944444444","40000","25.030001","1K"
"4037387","群馬県前橋市下小出町２丁目","５１−１２","139.06566888888889","36.410212222222221","37000","20.48","1K"
"14979930","群馬県前橋市下小出町２丁目","４−４","139.06508472199999","36.407064166700003","27000","21.6","1K"
"4820284","群馬県前橋市小神明町","２４５−１","139.09490916666667","36.413196944444444","40000","25.030001","1K"
"4037386","群馬県前橋市下小出町２丁目","５１−１２","139.06566888888889","36.410212222222221","37000","20.48","1K"
"14979929","群馬県前橋市下小出町２丁目","４−４","139.06508472199999","36.407064166700003","27000","21.6","1K"
"8366937","群馬県前橋市小神明町","２４５−１","139.09490916666667","36.413196944444444","43000","25.030001","1K"
"4036212","群馬県前橋市下小出町２丁目","５１−１２","139.06566888888889","36.410212222222221","29000","20.48","1K"
"14979928","群馬県前橋市下小出町２丁目","４−４","139.06508472199999","36.407064166700003","28000","21.6","1K"
"14785721","群馬県前橋市小神明町","２４５−１","139.09490916666667","36.413196944444444","39000","25.030001","1K"
"4036141","群馬県前橋市下小出町２丁目","５１−１２","139.06566888888889","36.410212222222221","37000","20.48","1K"
"14979927","群馬県前橋市下小出町２丁目","４−４","139.06508472199999","36.407064166700003","28000","21.6","1K"
"15760407","群馬県前橋市小神明町","２４５−１","139.09490916666667","36.413196944444444","40000","25.030001","1K"
"4036142","群馬県前橋市下小出町２丁目","５１−１２","139.06566888888889","36.410212222222221","37000","20.48","1K"
"14819970","群馬県太田市細谷町","１４６８−１","139.35555254098918","36.274869967992217","67000","53.5","2LDK"
"14979926","群馬県前橋市下小出町２丁目","４−４","139.06508472199999","36.407064166700003","28000","21.6","1K"
"4034177","群馬県前橋市小神明町","２４５−１","139.09490916666667","36.413196944444444","52000","25.030001","1K"
"4035643","群馬県前橋市下小出町２丁目","５１−１２","139.06566888888889","36.410212222222221","31000","20.48","1K"
"14979925","群馬県前橋市下小出町２丁目","４−４","139.06508472199999","36.407064166700003","27000","21.6","1K"
"14979924","群馬県前橋市下小出町２丁目","４−４","139.06508472199999","36.407064166700003","28000","21.6","1K"
"4034176","群馬県前橋市小神明町","２４５−１","139.09490916666667","36.413196944444444","47000","25.030001","1K"
"4035628","群馬県前橋市下小出町２丁目","５１−１２","139.06566888888889","36.410212222222221","28000","20.48","1K"
"14979923","群馬県前橋市下小出町２丁目","４−４","139.06508472199999","36.407064166700003","28000","21.6","1K"
"17925284","群馬県前橋市日吉町４丁目","３１−１６","139.08336003697428","36.399142485165612","60000","53","2LDK"
"4034175","群馬県前橋市小神明町","２４５−１","139.09490916666667","36.413196944444444","41000","25.030001","1K"
"4035451","群馬県前橋市下小出町２丁目","５１−１２","139.06566888888889","36.410212222222221","36000","20.48","1K"
"14979910","群馬県前橋市下小出町２丁目","４−４","139.06508472199999","36.407064166700003","28000","21.6","1K"
"4034174","群馬県前橋市小神明町","２４５−１","139.09490916666667","36.413196944444444","41000","25.030001","1K"
"4035452","群馬県前橋市下小出町２丁目","５１−１２","139.06566888888889","36.410212222222221","36000","20.48","1K"
"4027012","群馬県高崎市東貝沢町３丁目","２３−２","139.03643666666667","36.34654611111111","58000","52.990002","3DK"
"14979909","群馬県前橋市下小出町２丁目","４−４","139.06508472199999","36.407064166700003","28000","21.6","1K"
"4035449","群馬県前橋市下小出町２丁目","５１−１２","139.06566888888889","36.410212222222221","29000","20.48","1K"
"4855874","群馬県高崎市吉井町吉井","３３０−９","138.98398666700001","36.251171388899998","50000","46.75","2DK"
"14979907","群馬県前橋市下小出町２丁目","４−４","139.06508472199999","36.407064166700003","28000","21.6","1K"
"4035432","群馬県前橋市下小出町２丁目","５１−１２","139.06566888888889","36.410212222222221","29000","20.48","1K"
"14979906","群馬県前橋市下小出町２丁目","４−４","139.06508472199999","36.407064166700003","26000","21.6","1K"
"4035430","群馬県前橋市下小出町２丁目","５１−１２","139.06566888888889","36.410212222222221","37000","20.48","1K"
"14979905","群馬県前橋市下小出町２丁目","４−４","139.06508472199999","36.407064166700003","27000","21.6","1K"
"4035429","群馬県前橋市下小出町２丁目","５１−１２","139.06566888888889","36.410212222222221","37000","20.48","1K"
"14979904","群馬県前橋市下小出町２丁目","４−４","139.06508472199999","36.407064166700003","27000","21.6","1K"
"4035310","群馬県前橋市下小出町２丁目","５１−１２","139.06566888888889","36.410212222222221","38000","20.48","1K"
"14979903","群馬県前橋市下小出町２丁目","４−４","139.06508472199999","36.407064166700003","27000","21.6","1K"
"4035311","群馬県前橋市下小出町２丁目","５１−１２","139.06566888888889","36.410212222222221","38000","20.48","1K"
"14979902","群馬県前橋市下小出町２丁目","４−４","139.06508472199999","36.407064166700003","27000","21.6","1K"
"4035206","群馬県前橋市下小出町２丁目","５１−１２","139.06566888888889","36.410212222222221","33000","20.48","1K"
"14979901","群馬県前橋市下小出町２丁目","４−４","139.06508472199999","36.407064166700003","27000","21.6","1K"
"14418169","群馬県前橋市下小出町１丁目","２１−１２，１３，１４，４３","139.06814194444445","36.404821111111112","140000","75.970001","3LDK"
"14979865","群馬県前橋市下小出町２丁目","４−４","139.06508472199999","36.407064166700003","27000","21.6","1K"
"13909084","群馬県前橋市下小出町１丁目","２１−１２，１３，１４，４３","139.06814194444445","36.404821111111112","130000","68.720001","2LDK"
"14933534","群馬県前橋市江木町","１２０１−７","139.137852778","36.404674444400001","32000","19.5","1K"
"10088517","群馬県前橋市下小出町１丁目","２１−１２，１３，１４，４３","139.06814194444445","36.404821111111112","120000","75.970001","3LDK"
"14933533","群馬県前橋市江木町","１２０１−７","139.137852778","36.404674444400001","32000","19.5","1K"
"4035680","群馬県前橋市下小出町１丁目","２１−１２，１３，１４，４３","139.06814194444445","36.404821111111112","160000","85.919998","4LDK"
"14933532","群馬県前橋市江木町","１２０１−７","139.137852778","36.404674444400001","32000","19.5","1K"
"4034830","群馬県前橋市下小出町１丁目","２１−１２，１３，１４，４３","139.06814194444445","36.404821111111112","130000","68.720001","2LDK"
"14933518","群馬県前橋市江木町","１２０１−７","139.137852778","36.404674444400001","32000","19.5","1K"
"4035261","群馬県前橋市上小出町３丁目","１８−１２","139.06300611111112","36.416036111111111","54000","52.799999","3DK"
"13515410","群馬県太田市東矢島町","１４３","139.38698972222221","36.26771027777778","59000","42.799999","1LDK"
"14933517","群馬県前橋市江木町","１２０１−７","139.137852778","36.404674444400001","30000","19.5","1K"
"4033229","群馬県前橋市上小出町３丁目","１８−１２","139.06300611111112","36.416036111111111","60000","52.799999","3DK"
"14933516","群馬県前橋市江木町","１２０１−７","139.137852778","36.404674444400001","30000","19.5","1K"
"4033246","群馬県前橋市上小出町３丁目","１８−１２","139.06300611111112","36.416036111111111","60000","52.799999","3DK"
"6662141","栃木県足利市大沼田町","１３９３−１","139.49502972222223","36.32756777777778","46000","42.77","2DK"
"14933515","群馬県前橋市江木町","１２０１−７","139.137852778","36.404674444400001","30000","19.5","1K"
"4032707","群馬県前橋市上小出町３丁目","１８−１２","139.06300611111112","36.416036111111111","47000","52.799999","3DK"
"6662140","栃木県足利市大沼田町","１３９３−１","139.49502972222223","36.32756777777778","47000","42.77","2DK"
"14933499","群馬県前橋市江木町","１２０１−７","139.137852778","36.404674444400001","32000","19.5","1K"
"4032362","群馬県前橋市上小出町３丁目","１８−１２","139.06300611111112","36.416036111111111","47000","52.799999","3DK"
"9434083","群馬県前橋市富士見町横室","１０５３−２","139.0610336111111","36.440004166666668","30000","27.719999","1K"
"6662138","栃木県足利市大沼田町","１３９３−１","139.49502972222223","36.32756777777778","47000","42.77","2DK"
"4034279","群馬県前橋市北代田町","６４０−１","139.07887500000001","36.408353055555558","44000","42.700001","2DK"
"4032032","群馬県前橋市富士見町横室","１０５３−２","139.0610336111111","36.440004166666668","27000","27.719999","1K"
"12990269","群馬県太田市東矢島町","１４３","139.38698972222221","36.26771027777778","54000","42.799999","1LDK"
"14913723","群馬県前橋市箱田町","６０−２","139.04805916666666","36.364568611111117","70000","83.629997","3LDK"
"6662095","栃木県足利市大沼田町","１３９３−１","139.49502972222223","36.32756777777778","48000","42.77","2DK"
"4033779","群馬県前橋市北代田町","６４０−１","139.07887500000001","36.408353055555558","43000","42.700001","2DK"
"16811889","群馬県前橋市荒牧町","１−３７−２","139.05973167915749","36.42479864621","70000","56","2LDK"
"4032015","群馬県前橋市富士見町横室","１０５３−２","139.0610336111111","36.440004166666668","32000","27.719999","1K"
"12734011","群馬県太田市東矢島町","１４３","139.38698972222221","36.26771027777778","56000","42.799999","1LDK"
"6661941","栃木県足利市大沼田町","１３９３−１","139.49502972222223","36.32756777777778","54000","51.669998","2LDK"
"4033267","群馬県前橋市北代田町","６４０−１","139.07887500000001","36.408353055555558","42000","42.700001","2DK"
"10445403","群馬県前橋市富士見町横室","１０５３−２","139.0610336111111","36.440004166666668","32000","27.719999","1K"
"6661940","栃木県足利市大沼田町","１３９３−１","139.49502972222223","36.32756777777778","53000","51.669998","2LDK"
"4033251","群馬県前橋市北代田町","６４０−１","139.07887500000001","36.408353055555558","43000","42.700001","2DK"
"14185438","群馬県邑楽郡千代田町大字舞木","２６２９","139.44053111111111","36.21176222222222","43000","42.77","2DK"
"9434165","群馬県前橋市富士見町横室","１０５３−２","139.0610336111111","36.440004166666668","30000","27.719999","1K"
"6661939","栃木県足利市大沼田町","１３９３−１","139.49502972222223","36.32756777777778","48000","51.669998","2LDK"
"4033250","群馬県前橋市北代田町","６４０−１","139.07887500000001","36.408353055555558","48000","42.700001","2DK"
"11741501","群馬県太田市粕川町","２４３−９","139.31345611111112","36.263289722222225","44000","42.77","2DK"
"4037556","群馬県前橋市大手町２丁目","７−１３","139.07013111111112","36.387346111111114","52000","49.5","2DK"
"16811883","群馬県前橋市荒牧町","１−３７−２","139.05973167915749","36.42479864621","69000","56","2LDK"
"6660548","栃木県足利市大沼田町","１３９３−１","139.49502972222223","36.32756777777778","51000","51.669998","2LDK"
"4033249","群馬県前橋市北代田町","６４０−１","139.07887500000001","36.408353055555558","48000","42.700001","2DK"
"4037443","群馬県前橋市大手町２丁目","７−１３","139.07013111111112","36.387346111111114","52000","49.5","2DK"
"16811882","群馬県前橋市荒牧町","１−３７−２","139.05973167915749","36.42479864621","64000","56","2LDK"
"4033248","群馬県前橋市北代田町","６４０−１","139.07887500000001","36.408353055555558","48000","42.700001","2DK"
"11741499","群馬県太田市粕川町","２４３−９","139.31345611111112","36.263289722222225","50000","51.630001","2LDK"
"4036970","群馬県前橋市大手町２丁目","７−１３","139.07013111111112","36.387346111111114","45000","30.299999","1K"
"16811880","群馬県前橋市荒牧町","１−３７−２","139.05973167915749","36.42479864621","69000","56","2LDK"
"4033247","群馬県前橋市北代田町","６４０−１","139.07887500000001","36.408353055555558","43000","42.700001","2DK"
"11741498","群馬県太田市粕川町","２４３−９","139.31345611111112","36.263289722222225","46000","42.77","2DK"
"4036971","群馬県前橋市大手町２丁目","７−１３","139.07013111111112","36.387346111111114","45000","30.299999","1K"
"16811877","群馬県前橋市荒牧町","１−３７−２","139.05973167915749","36.42479864621","68000","56","2LDK"
"10207099","群馬県太田市粕川町","２４３−９","139.31345611111112","36.263289722222225","55000","51.630001","2LDK"
"4036694","群馬県前橋市大手町２丁目","７−１３","139.07013111111112","36.387346111111114","51000","49.5","2DK"
"4038127","群馬県前橋市住吉町１丁目","９−７","139.06949305555557","36.393806111111111","53000","55.389999","3DK"
"16811875","群馬県前橋市荒牧町","１−３７−２","139.05973167915749","36.42479864621","68000","56","2LDK"
"4036497","群馬県前橋市大手町２丁目","７−１３","139.07013111111112","36.387346111111114","53000","49.5","2DK"
"16811873","群馬県前橋市荒牧町","１−３７−２","139.05973167915749","36.42479864621","68000","56","2LDK"
"4036338","群馬県前橋市大手町２丁目","７−１３","139.07013111111112","36.387346111111114","55000","49.5","2K"
"4036337","群馬県前橋市大手町２丁目","７−１３","139.07013111111112","36.387346111111114","55000","49.5","2K"
"16811884","群馬県前橋市荒牧町","１−３７−２","139.05973167915749","36.42479864621","66000","56","2LDK"
"4036251","群馬県前橋市大手町２丁目","７−１３","139.07013111111112","36.387346111111114","55000","49.5","2K"
"4036252","群馬県前橋市大手町２丁目","７−１３","139.07013111111112","36.387346111111114","55000","49.5","2K"
"16811885","群馬県前橋市荒牧町","１−３７−２","139.05973167915749","36.42479864621","75000","56","2LDK"
"4036249","群馬県前橋市大手町２丁目","７−１３","139.07013111111112","36.387346111111114","45000","29.9","1K"
"16811879","群馬県前橋市荒牧町","１−３７−２","139.05973167915749","36.42479864621","70000","56","2LDK"
"13789477","群馬県太田市大原町","４０１−５","139.30404083333335","36.351728888888886","55000","51.669998","2LDK"
"4036234","群馬県前橋市大手町２丁目","７−１３","139.07013111111112","36.387346111111114","45000","29.9","1K"
"17924934","群馬県伊勢崎市宮子町","１７１１−２","139.1596175","36.329585000000002","66000","54.02","2LDK"
"4036233","群馬県前橋市大手町２丁目","７−１３","139.07013111111112","36.387346111111114","48000","29.9","2K"
"17912667","群馬県前橋市富士見町小暮","１３１−４","139.09497007734868","36.443912870206141","36000","36.450001","2DK"
"14746893","群馬県前橋市元総社町","１６４−１","139.05283416666666","36.380284722222221","33000","18.25","1K"
"4036250","群馬県前橋市大手町２丁目","７−１３","139.07013111111112","36.387346111111114","48000","29.9","2K"
"17912666","群馬県前橋市富士見町小暮","１３１−４","139.09497007734868","36.443912870206141","36000","36.450001","2DK"
"14746892","群馬県前橋市元総社町","１６４−１","139.05283416666666","36.380284722222221","34000","18.25","1K"
"4035836","群馬県前橋市大手町２丁目","７−１３","139.07013111111112","36.387346111111114","50000","49.5","2K"
"14746891","群馬県前橋市元総社町","１６４−１","139.05283416666666","36.380284722222221","34000","18.25","1K"
"17912665","群馬県前橋市富士見町小暮","１３１−４","139.09497007734868","36.443912870206141","36000","34.02","2DK"
"14746880","群馬県前橋市元総社町","１６４−１","139.05283416666666","36.380284722222221","33000","18.25","1K"
"17182537","群馬県前橋市住吉町１丁目","１０−１","139.06978585734092","36.394297839312976","45000","55.439999","3DK"
"4035275","群馬県前橋市上新田町","４８９−４","139.061555","36.365896111111113","59000","50.419998","2LDK"
"4027135","群馬県高崎市日高町","１３５６","139.03830027777778","36.359944444444444","70000","65.529999","2LDK"
"17912589","群馬県前橋市富士見町小暮","１３１−４","139.09497007734868","36.443912870206141","36000","34.02","2DK"
"14746879","群馬県前橋市元総社町","１６４−１","139.05283416666666","36.380284722222221","34000","18.25","1K"
"10990119","群馬県前橋市住吉町１丁目","１０−１","139.06978585734092","36.394297839312976","45000","55.439999","3DK"
"4035274","群馬県前橋市上新田町","４８９−４","139.061555","36.365896111111113","59000","50.419998","2LDK"
"16691819","群馬県高崎市東貝沢町３丁目","２−１３","139.03516407565505","36.343714812544974","75000","44.5","1LDK"
"4028233","群馬県高崎市剣崎町","１１５３−２","138.96147111111111","36.342298888888891","22000","17.58","1K"
"17433822","群馬県前橋市荒牧町","３２５−１","139.05896611111112","36.422058055555553","56000","50.470001","2LDK"
"17912463","群馬県前橋市富士見町小暮","１３１−４","139.09497007734868","36.443912870206141","36000","31.59","2K"
"14746878","群馬県前橋市元総社町","１６４−１","139.05283416666666","36.380284722222221","33000","18.25","1K"
"4660025","群馬県前橋市住吉町１丁目","１０−１","139.06978585734092","36.394297839312976","55000","57.330002","3DK"
"4034344","群馬県前橋市上新田町","４８９−４","139.061555","36.365896111111113","65000","50.419998","2LDK"
"4038161","群馬県前橋市上泉町","１９６","139.11004","36.392873055555555","68000","62.869999","2LDK"
"14962587","群馬県高崎市東貝沢町３丁目","２−１３","139.03516407565505","36.343714812544974","75000","45.5","1LDK"
"17912461","群馬県前橋市富士見町小暮","１３１−４","139.09497007734868","36.443912870206141","36000","31.59","2K"
"14746877","群馬県前橋市元総社町","１６４−１","139.05283416666666","36.380284722222221","34000","18.25","1K"
"17351158","群馬県前橋市元総社町２丁目","２５−１２","139.045910556","36.3858177778","55000","57.470001","3LDK"
"4034343","群馬県前橋市上新田町","４８９−４","139.061555","36.365896111111113","65000","50.419998","2LDK"
"4037435","群馬県前橋市上泉町","１９６","139.11004","36.392873055555555","68000","63.48","2LDK"
"14756340","群馬県高崎市東貝沢町３丁目","２−１３","139.03516407565505","36.343714812544974","73000","44.5","1LDK"
"17762050","群馬県渋川市金井","１２５６−１","139.00236833299999","36.503914722200001","48000","53.709999","2LDK"
"17762049","群馬県渋川市金井","１２５６−１","139.00236833299999","36.503914722200001","48000","53.709999","2LDK"
"17762048","群馬県渋川市金井","１２５６−１","139.00236833299999","36.503914722200001","48000","53.709999","2LDK"
"17762047","群馬県渋川市金井","１２５６−１","139.00236833299999","36.503914722200001","48000","53.709999","2LDK"
"17762046","群馬県渋川市金井","１２５６−１","139.00236833299999","36.503914722200001","48000","53.709999","2LDK"
"17762045","群馬県渋川市金井","１２５６−１","139.00236833299999","36.503914722200001","48000","53.709999","2LDK"
"17912459","群馬県前橋市富士見町小暮","１３１−４","139.09497007734868","36.443912870206141","37000","29.16","2K"
"14746866","群馬県前橋市元総社町","１６４−１","139.05283416666666","36.380284722222221","34000","18.25","1K"
"4034019","群馬県前橋市上新田町","４８９−４","139.061555","36.365896111111113","65000","50.419998","2LDK"
"4036884","群馬県前橋市上泉町","１９６","139.11004","36.392873055555555","70000","62.869999","2LDK"
"17912285","群馬県前橋市富士見町小暮","１３１−４","139.09497007734868","36.443912870206141","36000","29.16","2K"
"17476275","群馬県前橋市三俣町１丁目","２２−２","139.08629916699999","36.390459444400001","50000","40","1LDK"
"4034342","群馬県前橋市上新田町","４８９−４","139.061555","36.365896111111113","65000","50.419998","2LDK"
"4035327","群馬県前橋市上泉町","１９６","139.11004","36.392873055555555","68000","62.869999","2LDK"
"14388190","群馬県前橋市幸塚町","１９７−１５","139.090651667","36.400786944399997","25000","26.299999","1R"
"4033943","群馬県前橋市上新田町","４８９−４","139.061555","36.365896111111113","55000","50.419998","2LDK"
"4034642","群馬県前橋市上泉町","１９６","139.11004","36.392873055555555","63000","56.830002","2LDK"
"14388189","群馬県前橋市幸塚町","１９７−１５","139.090651667","36.400786944399997","25000","26.299999","1R"
"4033834","群馬県前橋市上新田町","４８９−４","139.061555","36.365896111111113","65000","50.419998","2LDK"
"4034131","群馬県前橋市上泉町","１９６","139.11004","36.392873055555555","63000","56.830002","2LDK"
"14388188","群馬県前橋市幸塚町","１９７−１５","139.090651667","36.400786944399997","25000","26.299999","1R"
"4033833","群馬県前橋市上新田町","４８９−４","139.061555","36.365896111111113","65000","50.419998","2LDK"
"4033614","群馬県前橋市上泉町","１９６","139.11004","36.392873055555555","68000","63.48","2LDK"
"14756331","群馬県高崎市東貝沢町３丁目","２−１３","139.03516407565505","36.343714812544974","73000","45.5","1LDK"
"14388187","群馬県前橋市幸塚町","１９７−１５","139.090651667","36.400786944399997","27000","26.299999","1R"
"4033821","群馬県前橋市上新田町","４８９−４","139.061555","36.365896111111113","55000","50.419998","2LDK"
"4033613","群馬県前橋市上泉町","１９６","139.11004","36.392873055555555","68000","62.869999","2LDK"
"14388184","群馬県前橋市幸塚町","１９７−１５","139.090651667","36.400786944399997","19000","26.299999","1R"
"4033819","群馬県前橋市上新田町","４８９−４","139.061555","36.365896111111113","53000","50.419998","2LDK"
"4032277","群馬県前橋市上泉町","１９６","139.11004","36.392873055555555","70000","62.869999","2LDK"
"14388183","群馬県前橋市幸塚町","１９７−１５","139.090651667","36.400786944399997","26000","26.299999","1R"
"4033818","群馬県前橋市上新田町","４８９−４","139.061555","36.365896111111113","53000","50.419998","2LDK"
"4032052","群馬県前橋市上泉町","１９６","139.11004","36.392873055555555","65000","56.830002","2LDK"
"14756318","群馬県高崎市東貝沢町３丁目","２−１３","139.03516407565505","36.343714812544974","75000","49.5","1LDK"
"14388182","群馬県前橋市幸塚町","１９７−１５","139.090651667","36.400786944399997","24000","26.299999","1R"
"4032051","群馬県前橋市上泉町","１９６","139.11004","36.392873055555555","68000","56.830002","2LDK"
"14278481","群馬県前橋市川原町２丁目","３７−６","139.04267611111112","36.427668055555557","53000","36.360001","1SLDK"
"17762044","群馬県渋川市金井","１２５６−１","139.00236833299999","36.503914722200001","48000","53.709999","2LDK"
"17762028","群馬県渋川市金井","１２５６−１","139.00236833299999","36.503914722200001","48000","53.709999","2LDK"
"17761890","群馬県渋川市石原","１０７−１","139.005054444","36.485281388899999","56000","57.150002","2LDK"
"17761889","群馬県渋川市石原","１０７−１","139.005054444","36.485281388899999","58000","57.150002","2LDK"
"17761887","群馬県渋川市石原","１０７−１","139.005054444","36.485281388899999","56000","57.150002","2LDK"
"17761886","群馬県渋川市石原","１０７−１","139.005054444","36.485281388899999","56000","57.150002","2LDK"
"17761885","群馬県渋川市石原","１０７−１","139.005054444","36.485281388899999","56000","57.150002","2LDK"
"17761884","群馬県渋川市石原","１０７−１","139.005054444","36.485281388899999","56000","57.150002","2LDK"
"17761883","群馬県渋川市石原","１０７−１","139.005054444","36.485281388899999","56000","57.150002","2LDK"
"17761882","群馬県渋川市石原","１０７−１","139.005054444","36.485281388899999","56000","57.150002","2LDK"
"17761881","群馬県渋川市石原","１０７−１","139.005054444","36.485281388899999","56000","57.150002","2LDK"
"17761880","群馬県渋川市石原","１０７−１","139.005054444","36.485281388899999","56000","57.150002","2LDK"
"17761879","群馬県渋川市石原","１０７−１","139.005054444","36.485281388899999","56000","57.150002","2LDK"
"17761859","群馬県渋川市石原","１０７−１","139.005054444","36.485281388899999","56000","57.150002","2LDK"
"17881345","群馬県前橋市大手町２丁目","９−１４","139.06796098998251","36.387372611490001","140000","75.139999","3LDK"
"17654908","群馬県前橋市荒牧町","８６７−１","139.06025277777778","36.425034999999994","40000","38","2K"
"17654907","群馬県前橋市荒牧町","８６７−１","139.06025277777778","36.425034999999994","40000","38","2K"
"17654906","群馬県前橋市荒牧町","８６７−１","139.06025277777778","36.425034999999994","40000","38","2K"
"17654905","群馬県前橋市荒牧町","８６７−１","139.06025277777778","36.425034999999994","40000","38","2K"
"17654904","群馬県前橋市荒牧町","８６７−１","139.06025277777778","36.425034999999994","40000","38","2K"
"17654903","群馬県前橋市荒牧町","８６７−１","139.06025277777778","36.425034999999994","40000","38","2K"
"17654902","群馬県前橋市荒牧町","８６７−１","139.06025277777778","36.425034999999994","40000","38","2K"
"17654901","群馬県前橋市荒牧町","８６７−１","139.06025277777778","36.425034999999994","40000","38","2K"
"17654890","群馬県前橋市荒牧町","８６７−１","139.06025277777778","36.425034999999994","40000","38","2K"
"17654889","群馬県前橋市荒牧町","８６７−１","139.06025277777778","36.425034999999994","40000","38","2K"
"17654888","群馬県前橋市荒牧町","８６７−１","139.06025277777778","36.425034999999994","40000","38","2K"
"17654887","群馬県前橋市荒牧町","８６７−１","139.06025277777778","36.425034999999994","40000","38","2K"
"17654886","群馬県前橋市荒牧町","８６７−１","139.06025277777778","36.425034999999994","40000","38","2K"
"14665317","群馬県前橋市新前橋町","１６−３８、３９","139.05389750000001","36.376695555600001","65500","44.48","1LDK"
"17654885","群馬県前橋市荒牧町","８６７−１","139.06025277777778","36.425034999999994","40000","38","2K"
"14665292","群馬県前橋市新前橋町","１６−３８、３９","139.05389750000001","36.376695555600001","65500","44.48","1LDK"
"17654884","群馬県前橋市荒牧町","８６７−１","139.06025277777778","36.425034999999994","40000","38","2K"
"14665272","群馬県前橋市新前橋町","１６−３８、３９","139.05389750000001","36.376695555600001","67500","46.75","1LDK"
"17654659","群馬県前橋市荒牧町","８６７−１","139.06025277777778","36.425034999999994","40000","38","2K"
"14665257","群馬県前橋市新前橋町","１６−３８、３９","139.05389750000001","36.376695555600001","65500","46.75","1LDK"
"17595061","群馬県前橋市青柳町","５７０","139.067351944","36.419131388899999","58000","51.200001","2DK"
"14665254","群馬県前橋市新前橋町","１６−３８、３９","139.05389750000001","36.376695555600001","64500","44.900002","1LDK"
"17595060","群馬県前橋市青柳町","５７０","139.067351944","36.419131388899999","58000","51.200001","2DK"
"14665239","群馬県前橋市新前橋町","１６−３８、３９","139.05389750000001","36.376695555600001","65500","44.900002","1LDK"
"17595059","群馬県前橋市青柳町","５７０","139.067351944","36.419131388899999","58000","51.200001","2DK"
"14314219","群馬県前橋市下大島町","４３−１","139.11348944692648","36.363675170877038","66000","50.040001","2LDK"
"17595058","群馬県前橋市青柳町","５７０","139.067351944","36.419131388899999","58000","51.200001","2DK"
"14314213","群馬県前橋市下大島町","４３−１","139.11348944692648","36.363675170877038","65000","50.040001","2LDK"
"17595057","群馬県前橋市青柳町","５７０","139.067351944","36.419131388899999","58000","51.200001","2DK"
"14314208","群馬県前橋市下大島町","４３−１","139.11348944692648","36.363675170877038","66000","50.040001","2LDK"
"17595056","群馬県前橋市青柳町","５７０","139.067351944","36.419131388899999","58000","51.200001","2DK"
"14314200","群馬県前橋市下大島町","４３−１","139.11348944692648","36.363675170877038","68000","50.040001","2LDK"
"17594990","群馬県前橋市青柳町","５７０","139.067351944","36.419131388899999","58000","51.200001","2DK"
"14314144","群馬県前橋市箱田町","８２−１、−２","139.04977805600001","36.3632422222","68000","56.880001","2LDK"
"17592547","群馬県前橋市青柳町","３６４−１","139.06535111111114","36.419260833333333","27000","35","2K"
"17592546","群馬県前橋市青柳町","３６４−１","139.06535111111114","36.419260833333333","27000","35","2K"
"17592545","群馬県前橋市青柳町","３６４−１","139.06535111111114","36.419260833333333","27000","35","2K"
"17592544","群馬県前橋市青柳町","３６４−１","139.06535111111114","36.419260833333333","27000","35","2K"
"17592543","群馬県前橋市青柳町","３６４−１","139.06535111111114","36.419260833333333","27000","35","2K"
"17592542","群馬県前橋市青柳町","３６４−１","139.06535111111114","36.419260833333333","27000","35","2K"
"17592541","群馬県前橋市青柳町","３６４−１","139.06535111111114","36.419260833333333","27000","35","2K"
"17592540","群馬県前橋市青柳町","３６４−１","139.06535111111114","36.419260833333333","27000","35","2K"
"17592539","群馬県前橋市青柳町","３６４−１","139.06535111111114","36.419260833333333","27000","35","2K"
"17592504","群馬県前橋市青柳町","３６４−１","139.06535111111114","36.419260833333333","27000","35","2K"
"14039217","群馬県前橋市荒牧町","２９６−１","139.05734863657372","36.422115119801695","60000","59.5","3DK"
"17583609","群馬県前橋市青柳町","４１８−３","139.06609888888889","36.417829999999995","50000","40","2DK"
"14039201","群馬県前橋市荒牧町","２９６−１","139.05734863657372","36.422115119801695","60000","59.5","3DK"
"17583608","群馬県前橋市青柳町","４１８−３","139.06609888888889","36.417829999999995","50000","40","2DK"
"17583607","群馬県前橋市青柳町","４１８−３","139.06609888888889","36.417829999999995","50000","40","2DK"
"17583606","群馬県前橋市青柳町","４１８−３","139.06609888888889","36.417829999999995","50000","40","2DK"
"17583605","群馬県前橋市青柳町","４１８−３","139.06609888888889","36.417829999999995","50000","40","2DK"
"17583604","群馬県前橋市青柳町","４１８−３","139.06609888888889","36.417829999999995","50000","40","2DK"
"17583603","群馬県前橋市青柳町","４１８−３","139.06609888888889","36.417829999999995","50000","40","2DK"
"17583548","群馬県前橋市青柳町","４１８−３","139.06609888888889","36.417829999999995","50000","40","2DK"
"17583012","群馬県前橋市青柳町","４２７−２","139.0667792638136","36.417452295544443","30000","35","2K"
"17583011","群馬県前橋市青柳町","４２７−２","139.0667792638136","36.417452295544443","30000","35","2K"
"17583010","群馬県前橋市青柳町","４２７−２","139.0667792638136","36.417452295544443","30000","35","2K"
"17583009","群馬県前橋市青柳町","４２７−２","139.0667792638136","36.417452295544443","30000","35","2K"
"17583007","群馬県前橋市青柳町","４２７−２","139.0667792638136","36.417452295544443","30000","35","2K"
"17583006","群馬県前橋市青柳町","４２７−２","139.0667792638136","36.417452295544443","30000","35","2K"
"17583005","群馬県前橋市青柳町","４２７−２","139.0667792638136","36.417452295544443","30000","35","2K"
"17583004","群馬県前橋市青柳町","４２７−２","139.0667792638136","36.417452295544443","30000","35","2K"
"17583001","群馬県前橋市青柳町","４２７−２","139.0667792638136","36.417452295544443","32000","35","2K"
"17948721","群馬県前橋市天川大島町","１３６８−１","139.11323987059004","36.364801832703222","52000","49.68","2DK"
"17583000","群馬県前橋市青柳町","４２７−２","139.0667792638136","36.417452295544443","32000","35","2K"
"17948719","群馬県前橋市天川大島町","１３６８−１","139.11323987059004","36.364801832703222","52000","49.68","2DK"
"17582999","群馬県前橋市青柳町","４２７−２","139.0667792638136","36.417452295544443","32000","35","2K"
"17948715","群馬県前橋市天川大島町","１３６８−１","139.11323987059004","36.364801832703222","52000","49.68","2DK"
"17582998","群馬県前橋市青柳町","４２７−２","139.0667792638136","36.417452295544443","32000","35","2K"
"17948713","群馬県前橋市天川大島町","１３６８−１","139.11323987059004","36.364801832703222","48000","49.68","2DK"
"17582997","群馬県前橋市青柳町","４２７−２","139.0667792638136","36.417452295544443","28000","35","2K"
"14388181","群馬県前橋市幸塚町","１９７−１５","139.090651667","36.400786944399997","24000","26.299999","1R"
"4031943","群馬県前橋市上泉町","１９６","139.11004","36.392873055555555","70000","62.869999","2LDK"
"14388180","群馬県前橋市幸塚町","１９７−１５","139.090651667","36.400786944399997","24000","26.299999","1R"
"4035528","群馬県前橋市山王町１丁目","１８−５","139.12198805555556","36.35019888888889","42000","36.43","2K"
"14388002","群馬県前橋市幸塚町","１９７−１５","139.090651667","36.400786944399997","24000","26.299999","1R"
"4035879","群馬県前橋市山王町１丁目","１８−５","139.12198805555556","36.35019888888889","42000","36.43","2K"
"14317851","群馬県前橋市上小出町３丁目","３５−６","139.06091203204437","36.416222678450708","53000","50.630001","2LDK"
"4035428","群馬県前橋市山王町１丁目","１８−５","139.12198805555556","36.35019888888889","53000","36.43","2K"
"14278483","群馬県前橋市川原町２丁目","３７−６","139.04267611111112","36.427668055555557","57000","36.360001","1LDK"
"13239034","群馬県館林市大街道１丁目","５番１９号","139.52650499999999","36.25131972222222","57000","45.889999","2DK"
"14317850","群馬県前橋市上小出町３丁目","３５−６","139.06091203204437","36.416222678450708","52000","50.630001","2LDK"
"4035427","群馬県前橋市山王町１丁目","１８−５","139.12198805555556","36.35019888888889","53000","36.43","2K"
"14278476","群馬県前橋市川原町２丁目","３７−６","139.04267611111112","36.427668055555557","50000","36.360001","1LDK"
"14186159","群馬県館林市大街道１丁目","５番１９号","139.52650499999999","36.25131972222222","63000","57.119999","2LDK"
"14756303","群馬県高崎市東貝沢町３丁目","２−１３","139.03516407565505","36.343714812544974","71000","49.5","1LDK"
"14657173","群馬県伊勢崎市東町","２３９０","139.24856570636263","36.338156280513751","60000","54.720001","2LDK"
"14317849","群馬県前橋市上小出町３丁目","３５−６","139.06091203204437","36.416222678450708","46000","50.630001","2LDK"
"4035426","群馬県前橋市山王町１丁目","１８−５","139.12198805555556","36.35019888888889","51000","36.43","2K"
"15618045","群馬県前橋市下小出町３丁目","２６−１２","139.06690618255101","36.4145937059753","55000","63.5","3LDK"
"14657177","群馬県伊勢崎市東町","２３９０","139.24856570636263","36.338156280513751","58000","54.720001","2LDK"
"14317848","群馬県前橋市上小出町３丁目","３５−６","139.06091203204437","36.416222678450708","53000","50.630001","2LDK"
"7765200","群馬県前橋市山王町１丁目","１８−５","139.12198805555556","36.35019888888889","51000","36.43","2K"
"14278478","群馬県前橋市川原町２丁目","３７−６","139.04267611111112","36.427668055555557","50000","36.360001","1SLDK"
"15618041","群馬県前橋市下小出町３丁目","２６−１２","139.06690618255101","36.4145937059753","55000","63.5","3LDK"
"14657175","群馬県伊勢崎市東町","２３９０","139.24856570636263","36.338156280513751","58000","54.720001","2LDK"
"14317847","群馬県前橋市上小出町３丁目","３５−６","139.06091203204437","36.416222678450708","53000","50.630001","2LDK"
"7260976","群馬県前橋市新前橋町","１−１７","139.05648805555555","36.37896111111111","35000","26.450001","1R"
"11162892","群馬県前橋市山王町１丁目","１８−５","139.12198805555556","36.35019888888889","43000","36.43","2K"
"14756292","群馬県高崎市東貝沢町３丁目","２−１３","139.03516407565505","36.343714812544974","65000","44.5","1LDK"
"15618036","群馬県前橋市下小出町３丁目","２６−１２","139.06690618255101","36.4145937059753","55000","63.5","3LDK"
"14657174","群馬県伊勢崎市東町","２３９０","139.24856570636263","36.338156280513751","58000","54.720001","2LDK"
"14317840","群馬県前橋市上小出町３丁目","３５−６","139.06091203204437","36.416222678450708","53000","50.630001","2LDK"
"4192027","群馬県前橋市新前橋町","１−１７","139.05648805555555","36.37896111111111","45000","26.450001","1R"
"4035513","群馬県前橋市山王町１丁目","１８−５","139.12198805555556","36.35019888888889","44000","36.43","2K"
"14756284","群馬県高崎市東貝沢町３丁目","２−１３","139.03516407565505","36.343714812544974","65000","45.5","1LDK"
"15618034","群馬県前橋市下小出町３丁目","２６−１２","139.06690618255101","36.4145937059753","49000","63.5","3LDK"
"13730555","群馬県太田市下浜田町","１０８５−６９","139.36736638888888","36.278364722222221","66000","62.450001","2LDK"
"14657178","群馬県伊勢崎市東町","２３９０","139.24856570636263","36.338156280513751","60000","54.720001","2LDK"
"14317839","群馬県前橋市上小出町３丁目","３５−６","139.06091203204437","36.416222678450708","52000","50.630001","2LDK"
"8221615","群馬県前橋市新前橋町","１−１７","139.05648805555555","36.37896111111111","45000","26.450001","1R"
"4035292","群馬県前橋市山王町１丁目","１８−５","139.12198805555556","36.35019888888889","43000","36.43","2K"
"15618044","群馬県前橋市下小出町３丁目","２６−１２","139.06690618255101","36.4145937059753","50000","46.200001","2K"
"14418410","群馬県太田市下浜田町","１０８５−６９","139.36736638888888","36.278364722222221","68000","62.450001","2LDK"
"14657172","群馬県伊勢崎市東町","２３９０","139.24856570636263","36.338156280513751","60000","54.720001","2LDK"
"14317838","群馬県前橋市上小出町３丁目","３５−６","139.06091203204437","36.416222678450708","53000","50.630001","2LDK"
"4192022","群馬県前橋市新前橋町","１−１７","139.05648805555555","36.37896111111111","43000","26.450001","1K"
"4035323","群馬県前橋市山王町１丁目","１８−５","139.12198805555556","36.35019888888889","43000","36.43","2K"
"15618042","群馬県前橋市下小出町３丁目","２６−１２","139.06690618255101","36.4145937059753","55000","63.5","3LDK"
"14657171","群馬県伊勢崎市東町","２３９０","139.24856570636263","36.338156280513751","58000","54.720001","2LDK"
"14317837","群馬県前橋市上小出町３丁目","３５−６","139.06091203204437","36.416222678450708","53000","50.630001","2LDK"
"4192019","群馬県前橋市新前橋町","１−１７","139.05648805555555","36.37896111111111","43000","26.450001","1K"
"4036291","群馬県前橋市上新田町","１１１４−３","139.06994972222222","36.360893611111109","35000","26.5","1K"
"15618035","群馬県前橋市下小出町３丁目","２６−１２","139.06690618255101","36.4145937059753","50000","46.200001","2K"
"14657170","群馬県伊勢崎市東町","２３９０","139.24856570636263","36.338156280513751","57000","54.720001","2LDK"
"14317836","群馬県前橋市上小出町３丁目","３５−６","139.06091203204437","36.416222678450708","53000","50.630001","2LDK"
"4037932","群馬県前橋市新前橋町","１−１７","139.05648805555555","36.37896111111111","43000","26.450001","1K"
"4303803","群馬県前橋市上新田町","１１１４−３","139.06994972222222","36.360893611111109","38000","26.5","1K"
"14756274","群馬県高崎市東貝沢町３丁目","２−１３","139.03516407565505","36.343714812544974","71000","45.5","1LDK"
"15618038","群馬県前橋市下小出町３丁目","２６−１２","139.06690618255101","36.4145937059753","52000","46.200001","2K"
"14657169","群馬県伊勢崎市東町","２３９０","139.24856570636263","36.338156280513751","58000","54.720001","2LDK"
"14317835","群馬県前橋市上小出町３丁目","３５−６","139.06091203204437","36.416222678450708","53000","50.630001","2LDK"
"4037931","群馬県前橋市新前橋町","１−１７","139.05648805555555","36.37896111111111","43000","25.1","1K"
"4035726","群馬県前橋市上新田町","１１１４−３","139.06994972222222","36.360893611111109","45000","39.75","2DK"
"14756221","群馬県高崎市東貝沢町３丁目","２−１３","139.03516407565505","36.343714812544974","75000","45.5","1LDK"
"14821281","群馬県高崎市新保町","５４−１","139.03975350485285","36.340094138854795","89000","64.339996","2SLDK"
"15618037","群馬県前橋市下小出町３丁目","２６−１２","139.06690618255101","36.4145937059753","60000","63.5","3LDK"
"12990879","群馬県太田市東矢島町","１２３４−１","139.388825","36.266240000000003","49000","50.16","3DK"
"14657168","群馬県伊勢崎市東町","２３９０","139.24856570636263","36.338156280513751","60000","54.720001","2LDK"
"14317834","群馬県前橋市上小出町３丁目","３５−６","139.06091203204437","36.416222678450708","45000","50.630001","2LDK"
"4037930","群馬県前橋市新前橋町","１−１７","139.05648805555555","36.37896111111111","43000","26.450001","1K"
"4303812","群馬県前橋市上新田町","１１１４−３","139.06994972222222","36.360893611111109","45000","39.75","2DK"
"14756206","群馬県高崎市東貝沢町３丁目","２−１３","139.03516407565505","36.343714812544974","74000","44.5","1LDK"
"13727870","群馬県高崎市新保町","５４−１","139.03975350485285","36.340094138854795","82000","64.339996","2SLDK"
"12584566","群馬県太田市東矢島町","１２３４−１","139.388825","36.266240000000003","48000","50.16","3DK"
"14317833","群馬県前橋市上小出町３丁目","３５−６","139.06091203204437","36.416222678450708","51000","50.630001","2LDK"
"4035384","群馬県前橋市新前橋町","１−１７","139.05648805555555","36.37896111111111","35000","26.450001","1K"
"4031464","群馬県前橋市上新田町","１１１４−３","139.06994972222222","36.360893611111109","45000","39.75","2DK"
"14756179","群馬県高崎市東貝沢町３丁目","２−１３","139.03516407565505","36.343714812544974","74000","45.5","1LDK"
"12059273","群馬県太田市東矢島町","１２３４−１","139.388825","36.266240000000003","52000","50.16","3DK"
"14317832","群馬県前橋市上小出町３丁目","３５−６","139.06091203204437","36.416222678450708","53000","50.630001","2LDK"
"4035255","群馬県前橋市新前橋町","１−１７","139.05648805555555","36.37896111111111","42000","26.450001","1K"
"4031463","群馬県前橋市上新田町","１１１４−３","139.06994972222222","36.360893611111109","48000","39.75","2DK"
"17888931","群馬県前橋市荒牧町","１２０２−１","139.0531186111111","36.422515555555563","38000","29.16","2K"
"12059237","群馬県太田市東矢島町","１２３４−１","139.388825","36.266240000000003","51000","50.16","3DK"
"9550078","群馬県伊勢崎市南千木町","１６９９−６","139.22003081189339","36.295883928794971","49000","36","1LDK"
"14317829","群馬県前橋市上小出町３丁目","３５−６","139.06091203204437","36.416222678450708","53000","50.630001","2LDK"
"4035256","群馬県前橋市新前橋町","１−１７","139.05648805555555","36.37896111111111","42000","26.450001","1K"
"4031462","群馬県前橋市上新田町","１１１４−３","139.06994972222222","36.360893611111109","45000","39.75","1DK"
"17888930","群馬県前橋市荒牧町","１２０２−１","139.0531186111111","36.422515555555563","38000","29.16","2K"
"14756168","群馬県高崎市東貝沢町３丁目","２−１３","139.03516407565505","36.343714812544974","71000","49.5","1LDK"
"4033800","群馬県前橋市新前橋町","１−１７","139.05648805555555","36.37896111111111","43000","25.1","1K"
"17888929","群馬県前橋市荒牧町","１２０２−１","139.0531186111111","36.422515555555563","38000","29.16","2K"
"4037180","群馬県前橋市荒牧町１丁目","１８−１２","139.06238175935914","36.424526176109751","55000","48.5","2DK"
"11196052","群馬県邑楽郡千代田町大字赤岩","２６９４番地１","139.44833722222222","36.226345833333333","47000","42.77","2DK"
"4033801","群馬県前橋市新前橋町","１−１７","139.05648805555555","36.37896111111111","43000","25.1","1K"
"17888928","群馬県前橋市荒牧町","１２０２−１","139.0531186111111","36.422515555555563","38000","29.16","2K"
"4037177","群馬県前橋市荒牧町１丁目","１８−１２","139.06238175935914","36.424526176109751","47000","48.5","2DK"
"14756129","群馬県高崎市東貝沢町３丁目","２−１３","139.03516407565505","36.343714812544974","69000","44.5","1LDK"
"14418263","群馬県太田市東新町","５７８","139.41275166666668","36.330313611111109","69000","63.439999","2LDK"
"4033319","群馬県前橋市新前橋町","１−１７","139.05648805555555","36.37896111111111","34000","25.1","1K"
"17888927","群馬県前橋市荒牧町","１２０２−１","139.0531186111111","36.422515555555563","38000","29.16","2K"
"4037162","群馬県前橋市荒牧町１丁目","１８−１２","139.06238175935914","36.424526176109751","59000","48.5","2K"
"4033318","群馬県前橋市新前橋町","１−１７","139.05648805555555","36.37896111111111","45000","25.1","1K"
"17888926","群馬県前橋市荒牧町","１２０２−１","139.0531186111111","36.422515555555563","38000","29.16","2K"
"4037159","群馬県前橋市荒牧町１丁目","１８−１２","139.06238175935914","36.424526176109751","63000","48.5","2DK"
"4033317","群馬県前橋市新前橋町","１−１７","139.05648805555555","36.37896111111111","43000","26.450001","1K"
"17888925","群馬県前橋市荒牧町","１２０２−１","139.0531186111111","36.422515555555563","38000","29.16","2K"
"4037158","群馬県前橋市荒牧町１丁目","１８−１２","139.06238175935914","36.424526176109751","64000","48.5","2K"
"13116873","群馬県太田市東新町","５７８","139.41275166666668","36.330313611111109","59000","63.439999","2LDK"
"4033103","群馬県前橋市新前橋町","１−１７","139.05648805555555","36.37896111111111","43000","26.450001","1K"
"17888923","群馬県前橋市荒牧町","１２０２−１","139.0531186111111","36.422515555555563","38000","29.16","2K"
"4037141","群馬県前橋市荒牧町１丁目","１８−１２","139.06238175935914","36.424526176109751","53000","48.5","2K"
"10070040","群馬県太田市東新町","５７８","139.41275166666668","36.330313611111109","63000","63.439999","2LDK"
"7141832","群馬県桐生市広沢町５丁目","１６３１−１","139.35030583299999","36.3721938889","51000","54.669998","3DK"
"4032875","群馬県前橋市新前橋町","１−１７","139.05648805555555","36.37896111111111","43000","26.450001","1K"
"17888922","群馬県前橋市荒牧町","１２０２−１","139.0531186111111","36.422515555555563","38000","29.16","2K"
"4037071","群馬県前橋市荒牧町１丁目","１８−１２","139.06238175935914","36.424526176109751","57000","48.5","2K"
"14756092","群馬県高崎市東貝沢町３丁目","２−１３","139.03516407565505","36.343714812544974","69000","45.5","1LDK"
"7141831","群馬県桐生市広沢町５丁目","１６３１−１","139.35030583299999","36.3721938889","51000","54.669998","3DK"
"4032874","群馬県前橋市新前橋町","１−１７","139.05648805555555","36.37896111111111","43000","26.450001","1K"
"17888921","群馬県前橋市荒牧町","１２０２−１","139.0531186111111","36.422515555555563","38000","29.16","2K"
"4037068","群馬県前橋市荒牧町１丁目","１８−１２","139.06238175935914","36.424526176109751","55000","48.5","2K"
"10069981","群馬県太田市東新町","５７８","139.41275166666668","36.330313611111109","66000","63.439999","2LDK"
"4032763","群馬県前橋市新前橋町","１−１７","139.05648805555555","36.37896111111111","43000","26.450001","1K"
"17888920","群馬県前橋市荒牧町","１２０２−１","139.0531186111111","36.422515555555563","38000","29.16","2K"
"4036889","群馬県前橋市荒牧町１丁目","１８−１２","139.06238175935914","36.424526176109751","62000","48.5","2K"
"14756080","群馬県高崎市東貝沢町３丁目","２−１３","139.03516407565505","36.343714812544974","72000","48.5","1LDK"
"9951537","群馬県高崎市新保町","５４−１","139.03975350485285","36.340094138854795","85000","64.339996","2SLDK"
"4032762","群馬県前橋市新前橋町","１−１７","139.05648805555555","36.37896111111111","43000","26.450001","1K"
"17888919","群馬県前橋市荒牧町","１２０２−１","139.0531186111111","36.422515555555563","38000","29.16","2K"
"4036355","群馬県前橋市荒牧町１丁目","１８−１２","139.06238175935914","36.424526176109751","57000","48.5","2K"
"9705611","群馬県高崎市新保町","５４−１","139.03975350485285","36.340094138854795","90000","64.339996","2SLDK"
"10205271","群馬県太田市東新町","２１４−１","139.40285083333333","36.320908611111108","50000","51.790001","2LDK"
"4032734","群馬県前橋市新前橋町","１−１７","139.05648805555555","36.37896111111111","46000","26.450001","1K"
"17888918","群馬県前橋市荒牧町","１２０２−１","139.0531186111111","36.422515555555563","38000","29.16","2K"
"4036353","群馬県前橋市荒牧町１丁目","１８−１２","139.06238175935914","36.424526176109751","52000","48.5","2K"
"4032733","群馬県前橋市新前橋町","１−１７","139.05648805555555","36.37896111111111","46000","26.450001","1K"
"17888900","群馬県前橋市荒牧町","１２０２−１","139.0531186111111","36.422515555555563","38000","29.16","2K"
"4035695","群馬県前橋市荒牧町１丁目","１８−１２","139.06238175935914","36.424526176109751","62000","48.5","2K"
"4036068","群馬県前橋市下細井町","２３−３９","139.07858111111111","36.413136388888887","34000","26.4","1DK"
"4032732","群馬県前橋市新前橋町","１−１７","139.05648805555555","36.37896111111111","46000","26.450001","1K"
"9705610","群馬県高崎市新保町","５４−１","139.03975350485285","36.340094138854795","87000","64.339996","2SLDK"
"4036067","群馬県前橋市下細井町","２３−３９","139.07858111111111","36.413136388888887","34000","26.4","1DK"
"4032731","群馬県前橋市新前橋町","１−１７","139.05648805555555","36.37896111111111","46000","26.450001","1K"
"4035619","群馬県前橋市下細井町","２３−３９","139.07858111111111","36.413136388888887","25000","26.4","1K"
"10253159","群馬県前橋市新前橋町","１−１７","139.05648805555555","36.37896111111111","40000","26.450001","1K"
"7435403","群馬県高崎市新保町","５４−１","139.03975350485285","36.340094138854795","90000","67.980003","2SLDK"
"4035554","群馬県前橋市下細井町","２３−３９","139.07858111111111","36.413136388888887","25000","26.4","1DK"
"4032730","群馬県前橋市新前橋町","１−１７","139.05648805555555","36.37896111111111","40000","26.450001","1K"
"6532390","群馬県高崎市新保町","５４−１","139.03975350485285","36.340094138854795","89000","67.980003","2SLDK"
"4035395","群馬県前橋市下細井町","２３−３９","139.07858111111111","36.413136388888887","27000","26.4","1K"
"4032679","群馬県前橋市新前橋町","１−１７","139.05648805555555","36.37896111111111","65000","52.900002","3DK"
"4032155","群馬県前橋市下細井町","２３−３９","139.07858111111111","36.413136388888887","25000","26.4","1DK"
"4032678","群馬県前橋市新前橋町","１−１７","139.05648805555555","36.37896111111111","120000","66.519997","2DK"
"5339209","群馬県高崎市新保町","５４−１","139.03975350485285","36.340094138854795","88000","67.980003","2SLDK"
"7083191","群馬県伊勢崎市東小保方町","３１１３−２","139.249798889","36.327829166699999","44000","47.23","2DK"
"4031424","群馬県前橋市下細井町","２３−３９","139.07858111111111","36.413136388888887","34000","26.4","1DK"
"4031254","群馬県前橋市新前橋町","１−１７","139.05648805555555","36.37896111111111","46000","26.450001","1K"
"4676166","群馬県高崎市新保町","５４−１","139.03975350485285","36.340094138854795","85000","67.980003","2SLDK"
"4926781","群馬県前橋市下細井町","２３−３９","139.07858111111111","36.413136388888887","34000","26.4","1DK"
"4031253","群馬県前橋市新前橋町","１−１７","139.05648805555555","36.37896111111111","46000","26.450001","1K"
"13548747","群馬県太田市東新町","３３６","139.40524418425514","36.321977416689613","49000","42.77","2DK"
"5174646","群馬県前橋市国領町２丁目","９−５","139.07197888888888","36.400689999999997","33000","31.35","1K"
"11195325","群馬県太田市東新町","３３６","139.40524418425514","36.321977416689613","51000","42.77","2DK"
"5034212","群馬県前橋市国領町２丁目","９−５","139.07197888888888","36.400689999999997","33000","31.35","1K"
