node1,node2
554378874634075,1159160383
214042432089628,1159160383
519505971458019,1159160383
202579759866196,1159160383
480265258710247,1159160383
557023901015233,1159160383
119801508132272,1159160383
508930499164978,1159160383
196718673807289,1159160383
224605790974021,1159160383
407558265981617,1159160383
54651330333,1159160383
411125922293226,1159160383
477786025575137,1159160383
273453489447310,1159160383
215083988518190,1159160383
353227051421133,1159160383
298641470257183,1159160383
136543866492259,1159160383
136543866492259,100001666873408
453422538028999,1159160383
306337786117609,1159160383
220524241389108,1159160383
263413253780946,1159160383
107438209395837,1159160383
361011353974030,1159160383
472499826123005,1159160383
531637776862892,1159160383
425008404198282,1159160383
268185909968305,1159160383
112486948851242,1159160383
411543538858002,1159160383
358723327544169,1159160383
455536204480494,1159160383
172123892850719,1159160383
346821662081118,1159160383
259171344206203,1159160383
145898802138674,1159160383
311831795553315,1159160383
176569939121693,1159160383
316502928448133,1159160383
390942787632263,1159160383
278965295536654,1159160383
132560933558190,1159160383
416037311764986,1159160383
164317780282447,1159160383
278894338885876,1159160383
214294398596262,1159160383
170638483048923,1159160383
276261209138225,1159160383
202240293173138,1159160383
214403951915859,1159160383
220469081302861,1159160383
121049361385793,1159160383
148603241838797,1159160383
243914448961609,1159160383
364386273583005,1159160383
215286108502817,1159160383
155658527793652,1159160383
438035469542376,1159160383
366201243422614,1159160383
130228533758915,1159160383
220496828044143,1159160383
300400266668788,1159160383
239636962800074,1159160383
126763360745491,1159160383
436791826333604,1159160383
228615793846474,1159160383
457742210908988,1159160383
452836781415747,1159160383
240920732613646,1159160383
264168263693806,1159160383
250029431737362,1159160383
336449013035462,1159160383
255364621153384,1159160383
187312324652058,1159160383
234073726663523,1159160383
205472102856935,1159160383
406001216135611,1159160383
232602000123355,1159160383
141498022587286,1159160383
122237384528538,1159160383
209179542510442,1159160383
110933492342192,1159160383
251198454958618,1159160383
242148312489086,1159160383
276133772422613,1159160383
343094875728867,1159160383
215283525259567,1159160383
446490778702504,1159160383
270874549631944,1159160383
451332384899082,1159160383
132958613444853,1159160383
274121442611583,1159160383
165692043529153,1159160383
224098314384823,1159160383
353980274670275,1159160383
276186135762638,1159160383
112479838906091,1159160383
153422971465062,1159160383
260092760761039,1159160383
274127229359262,1159160383
538111819538155,1159160383
102170389943620,1159160383
188298347972603,1159160383
204671639558698,1159160383
355407277860107,1159160383
101172810039209,1159160383
294773483873770,1159160383
156066074459084,1159160383
302345703124552,1159160383
119503624876476,1159160383
349140018507772,1159160383
275320729248937,1159160383
117140311706506,1159160383
148680558520982,1159160383
172579462808282,1159160383
201184963255837,1159160383
212677145442535,1159160383
273304316026835,1159160383
217861621602440,1159160383
206387222710539,1159160383
298596153496759,1159160383
296171547120730,1159160383
433564960002285,1159160383
329922617018433,1159160383
124318541042897,1159160383
171943192915924,1159160383
406908839368935,1159160383
314960308594977,1159160383
411984665532007,1159160383
117128031783661,1159160383
196223993808090,1159160383
138916272856748,1159160383
234182136626700,1159160383
147350918662337,1159160383
255270804533077,1159160383
185497174911992,1159160383
277329839034783,1159160383
243576009042460,1159160383
415952135118795,1159160383
195162247179531,1159160383
167539296645056,1159160383
249097345129154,1159160383
255910121111513,1159160383
188148857886264,1159160383
197910586968460,1159160383
474866795886239,1159160383
238667752828370,1159160383
252384911538868,1159160383
166206616837306,1159160383
267408766673865,1159160383
306554249379450,1159160383
187343837971424,1159160383
311748615512818,1159160383
185020204877458,1159160383
171726289614980,1159160383
383889071684748,1159160383
224242264327876,1159160383
169456459806474,1159160383
169456459806474,1521303831
457133370971193,1159160383
296910147072398,1159160383
139694962740499,1159160383
139694962740499,1521303831
135125423220109,1159160383
190849414380310,1159160383
272886786151184,1159160383
321778111191681,1159160383
230286913759573,1159160383
212562745528933,1159160383
293747020730272,1159160383
242763822432789,1159160383
191727217514562,1159160383
320395778014469,1159160383
196548917124572,1159160383
424302914304335,1159160383
193451747355553,1159160383
294831507300441,1159160383
431471440221788,1159160383
372440436149025,1159160383
228780133900260,1159160383
228780133900260,1521303831
292848137487219,1159160383
117016111750715,1159160383
296257210411887,1159160383
346099932129551,1159160383
175263535878064,1159160383
392323784146202,1159160383
411312248935807,1159160383
373268256049550,1159160383
373268256049550,1521303831
320121971375886,1159160383
474057305951898,1159160383
228394943935894,1159160383
204429296252694,1159160383
284575361641995,1159160383
119276784895675,1159160383
277003732402485,1159160383
406638632743154,1159160383
186895587995588,1159160383
322173074548543,1159160383
402244533162203,1159160383
193996063960812,1159160383
105694159549063,1159160383
397636426939524,1159160383
197406380348708,1159160383
173326272709921,1159160383
109305535835750,1159160383
163118573744088,1159160383
457366997623724,1159160383
273233492721523,1159160383
339410172750766,1159160383
518769074806543,1159160383
335972246466866,1159160383
188716787823358,1159160383
118241181562019,1159160383
151309898277681,1159160383
201523966569750,1159160383
155492311181140,1159160383
305319002891892,1159160383
420853901306052,1159160383
264840806947219,1159160383
198009670291683,1159160383
426395737408751,1159160383
205633089461549,1159160383
205633089461549,1521303831
243350455721038,1159160383
165039663531531,1159160383
356076684474941,1159160383
356076684474941,100002411930792
113089348733652,1159160383
121375770614,1159160383
250178025063184,1159160383
137255442976835,1159160383
137255442976835,100003406057096
171334186212026,1159160383
171334186212026,1521303831
171334186212026,100001596075214
171334186212026,100003406057096
121960041181265,1159160383
255206871173332,1159160383
255206871173332,100002515913544
255206871173332,100003406057096
233533086719668,1159160383
233533086719668,100001720023272
233533086719668,100002515913544
197243537025203,1159160383
197243537025203,100001506916479
197243537025203,100002515298048
197243537025203,100002515913544
298474660188064,1159160383
207255122643783,1159160383
159311520796578,1159160383
159311520796578,100002515298048
127399714023066,1159160383
202291769792284,1159160383
126909557407417,1159160383
181841648555462,1159160383
9947537284,1159160383
225385450811409,1283060453
596764070368095,1283060453
31248741709,1283060453
206315252852758,1283060453
206315252852758,1521303831
206315252852758,100000515573275
206315252852758,100001666873408
206315252852758,100001720023272
206315252852758,100002106591008
206315252852758,100002515913544
206315252852758,100003406057096
218929144898284,1283060453
105579539476196,1283060453
18977004860,1283060453
372353152868564,1283060453
312955535468258,1283060453
410591318980049,1283060453
163565280410742,1283060453
137298526300625,1283060453
224571174278112,1283060453
117110761699817,1283060453
124684454267031,1283060453
211656498889831,1283060453
296077470456954,1283060453
466271040050936,1283060453
176329125743624,1283060453
46293362240,1283060453
129775400420513,1283060453
223400181122347,1283060453
188888181173895,1283060453
5758174322,1283060453
181706808521408,1283060453
149152295156770,1283060453
272562266149741,1283060453
272562266149741,1521303831
272562266149741,100000240207079
272562266149741,100000515573275
272562266149741,100001596075214
272562266149741,100003399760968
160316970662545,1283060453
278029242253904,1283060453
278029242253904,100000240207079
278029242253904,100000515573275
278029242253904,100002106591008
147987526391,1283060453
112794345398529,1283060453
18870062776,1283060453
6427302910,1283060453
6427302910,100001720023272
130713490335444,1283060453
5676133521,1283060453
50245567013,1283060453
19891061755,1283060453
19891061755,100000515573275
244763105545556,1283060453
244763105545556,100000240207079
159017290800264,1283060453
213189418728896,1283060453
112063545476650,1283060453
173304922702156,1283060453
215669478456520,1283060453
215669478456520,100001666873408
215669478456520,100002515298048
215669478456520,100002515913544
7899581788,1283060453
7899581788,100003981815303
205804379454591,1283060453
211790478849971,1283060453
211790478849971,100000240207079
211790478849971,100002515913544
211790478849971,100003307988096
211790478849971,100003406057096
211790478849971,100003981815303
211790478849971,100004385917400
110260352324870,1283060453
50595864761,1283060453
179524838767483,1283060453
67919847338,1283060453
138382942860000,1283060453
39883214682,1283060453
125506654190369,1283060453
114870808553071,1283060453
114870808553071,100000240207079
114870808553071,100001596075214
114870808553071,100002515298048
114870808553071,100002515913544
114870808553071,100003307988096
114870808553071,100003406057096
123496627721413,1283060453
163945090325646,1283060453
112842988801190,1283060453
187109091322104,1283060453
174910395892187,1283060453
103775342994896,1283060453
11555477450,1283060453
112048985477116,1283060453
112048985477116,100001720023272
109668009052101,1283060453
106021639426033,1283060453
117402001662490,1283060453
110627258962939,1283060453
8064650479,1283060453
118581851539475,1283060453
118581851539475,100000240207079
118581851539475,100000515573275
118581851539475,100001596075214
118581851539475,100002515298048
118581851539475,100002515913544
118581851539475,100003307988096
39115285418,1283060453
197114810303818,1283060453
111954575490763,1283060453
106038536103349,1283060453
91689589085,1283060453
109319689094993,1283060453
108811109149326,1283060453
120478491324408,1283060453
104256389606069,1283060453
114323581918132,1283060453
360115766371,1283060453
112576468754659,1283060453
111317315554062,1283060453
111317315554062,100001720023272
30566281895,1283060453
140633259300743,1283060453
140633259300743,1521303831
140633259300743,100000240207079
140633259300743,100002515298048
321662419491,1283060453
6358087478,1283060453
6358087478,1835837835
111961145486420,1283060453
22180784070,1283060453
167587826782267,1521303831
132818910139717,1521303831
553388778023435,1521303831
197842227053879,1521303831
101547246675574,1521303831
254596344693605,1521303831
482639145140884,1521303831
256601811159010,1521303831
114636272032133,1521303831
160114040832502,1521303831
160114040832502,100001666873408
191224957728122,1521303831
316796965309,1521303831
515727845119577,1521303831
218747518193992,1521303831
305491289510705,1521303831
185641214921503,1521303831
185641214921503,100001910123476
542122089190519,1521303831
163835270342781,1521303831
381255338562646,1521303831
220853358043567,1521303831
445438972218060,1521303831
144774039044025,1521303831
144774039044025,100003406057096
478041938906032,1521303831
383595681701517,1521303831
221803467837753,1521303831
221803467837753,100001596075214
221803467837753,100003406057096
401412513299037,1521303831
266720046709220,1521303831
291516784283496,1521303831
130625683649510,1521303831
123928221114029,1521303831
362799540461166,1521303831
123245874429514,1521303831
121573614657523,1521303831
245559398925881,1521303831
206411612762772,1521303831
113926781984735,1521303831
113926781984735,100000240207079
113926781984735,100001720023272
113926781984735,100002515913544
113926781984735,100003399760968
113926781984735,100003981815303
149945918524540,1521303831
391115364351319,1521303831
459843377463635,1521303831
222318631253961,1521303831
733443853339395,1521303831
1394230210796567,1521303831
157056567822453,1521303831
231080913665451,1521303831
103891703034347,1521303831
432873103476365,1521303831
309680089159581,1521303831
179909765379162,1521303831
386842374749254,1521303831
655012811183863,1521303831
150699211672520,1521303831
242557512436680,1521303831
168902676598544,1521303831
1412080189012932,1521303831
135202616680937,1521303831
196198720561821,1521303831
167546763437672,1521303831
187844101383942,1521303831
252365224816036,1521303831
193580850667293,1521303831
306064112761183,1521303831
405353536231432,1521303831
107697419327753,1521303831
163029613791394,1521303831
163029613791394,100000515573275
163029613791394,100002515913544
163029613791394,100003406057096
272131779597312,1521303831
412965692111070,1521303831
303324363012427,1521303831
488862347829013,1521303831
145070008894370,1521303831
336791579716884,1521303831
146666002173348,1521303831
353846744687155,1521303831
302428163172880,1521303831
319242894795404,1521303831
164327220311103,1521303831
101625603238205,1521303831
133023746740534,1521303831
110866902333707,1521303831
340128126052578,1521303831
120826088088135,1521303831
475611862528762,1521303831
177511802405333,1521303831
167039250149822,1521303831
288607211258386,1521303831
469237256517796,1521303831
455061764516472,1521303831
283512081779941,1521303831
282310198464241,1521303831
292698380751054,1521303831
694372770574706,1521303831
216202331846653,1521303831
216202331846653,100001666873408
195063170512661,1521303831
155248931311074,1521303831
140463646135043,1521303831
336150319828989,1521303831
252700091481496,1521303831
152115618294998,1521303831
365491523568564,1521303831
364241933631974,1521303831
103269526425873,1521303831
512001875517317,1521303831
287197404668121,1521303831
471396789542113,1521303831
457649024260313,1521303831
454958647916359,1521303831
159405690793351,1521303831
156520811222273,1521303831
283846968296597,1521303831
243175189078703,1521303831
258080894318254,1521303831
258080894318254,100002515913544
442636392449861,1521303831
361001080652182,1521303831
354909931264597,1521303831
354909931264597,100002515298048
550755841634118,1521303831
550662068311507,1521303831
550662068311507,100001666873408
569821913083398,1521303831
293727220752737,1521303831
180238025426698,1521303831
167875983337063,1521303831
137199703013600,1521303831
552369508126050,1521303831
178335455553553,1521303831
118069694982926,1521303831
121920571201551,1521303831
121920571201551,100000240207079
121920571201551,100002515913544
147736871982685,1521303831
147736871982685,100000240207079
147736871982685,100001596075214
525444684134420,1521303831
154779367956018,1521303831
209508525774262,1521303831
209508525774262,100001910123476
391015434350898,1521303831
646542578689255,1521303831
401143683302066,1521303831
446375802056052,1521303831
228091000622155,1521303831
493562080726163,1521303831
181994641952824,1521303831
404417149611527,1521303831
577878998898904,1521303831
271764852948622,1521303831
151485484916369,1521303831
287044881439744,1521303831
298465583577899,1521303831
298465583577899,100001666873408
256020104510935,1521303831
256020104510935,100001910123476
526165604089609,1521303831
106295226172641,1521303831
393339874085316,1521303831
393339874085316,100000515573275
393339874085316,100001910123476
393339874085316,100001995687510
156722187866225,1521303831
211693908958040,1521303831
403195689781633,1521303831
124962194356715,1521303831
397244393710434,1521303831
254948421238660,1521303831
508623089215537,1521303831
462420750475499,1521303831
177376982286669,1521303831
177376982286669,100000240207079
210110115706291,1521303831
210110115706291,100001666873408
206320232807405,1521303831
1407590776123196,1521303831
265751906877302,1521303831
593479014016855,1521303831
496313480461944,1521303831
309871939092290,1521303831
473318099431269,1521303831
112822338795183,1521303831
342175199157678,1521303831
439123596145521,1521303831
439123596145521,100001666873408
408837482558780,1521303831
180776375423638,1521303831
180776375423638,100001666873408
153177888042878,1521303831
166462253537862,1521303831
157004557705014,1521303831
154938888018488,1521303831
195853677152973,1521303831
229209313777400,1521303831
199290250094376,1521303831
285956044845403,1521303831
119444571548539,1521303831
277404605612561,1521303831
537147026359101,1521303831
102018003322428,1521303831
150293858389400,1521303831
150293858389400,100000515573275
150293858389400,100002515913544
454851381227039,1521303831
164163463726011,1521303831
136025479940376,1521303831
136025479940376,100001666873408
301595053286416,1521303831
400630956718326,1521303831
144133462461558,1521303831
366112983481777,1521303831
138477036209783,1521303831
138477036209783,100000240207079
138477036209783,100000515573275
145271822225197,1521303831
446631418712928,1521303831
144851618948880,1521303831
132105626840255,1521303831
198884650274575,1521303831
320542238027534,1521303831
497225597016574,1521303831
308843269246370,1521303831
308843269246370,100001666873408
308843269246370,100003406057096
175442712482803,1521303831
445601778799127,1521303831
392026097550878,1521303831
372888499397997,1521303831
372888499397997,100000240207079
372888499397997,100000515573275
128086080733247,1521303831
525640024138103,1521303831
116659231841214,1521303831
116659231841214,100001666873408
323433274395429,1521303831
536809626331519,1521303831
416985511727890,1521303831
416985511727890,100001666873408
508823965852653,1521303831
508823965852653,100001995687510
337063786416846,1521303831
117327591622836,1521303831
417907551657881,1521303831
143206452520462,1521303831
238071136282066,1521303831
238071136282066,100001995687510
296509920396726,1521303831
289128451099711,1521303831
189251194486418,1521303831
108978349244430,1521303831
170765756283356,1521303831
170765756283356,100000240207079
170765756283356,100000515573275
170765756283356,100002515913544
170765756283356,100003406057096
650503034978831,1521303831
123497247693887,1521303831
269525746402173,1521303831
549158898476012,1521303831
207478639403344,1521303831
405012779614522,1521303831
263697067013749,1521303831
263697067013749,100001596075214
263697067013749,100002515913544
263697067013749,100003406057096
396295850467207,1521303831
465041506892207,1521303831
465041506892207,100001666873408
554271617939202,1521303831
554271617939202,100003406057096
316818411747056,1521303831
567008246650411,1521303831
246661285406993,1521303831
453653634669256,1521303831
169597513099567,1521303831
633595833317811,1521303831
193924110634262,1521303831
193924110634262,100000515573275
240759746044384,1521303831
152482054776714,1521303831
192806944074575,1521303831
462439770453997,1521303831
462439770453997,100002515913544
383474485043859,1521303831
322355687840282,1521303831
517454124982295,1521303831
589446644423248,1521303831
422891684468641,1521303831
106410369482806,1521303831
103116459890473,1521303831
224996914227045,1521303831
124079907794968,1521303831
370176896378011,1521303831
268568343218262,1521303831
158373654241113,1521303831
158373654241113,100002515913544
188921347933140,1521303831
206899459323859,1521303831
301761553206062,1521303831
302240779881305,1521303831
158437397611449,1521303831
514686601928203,1521303831
147102115368708,1521303831
130046433858787,1521303831
519651471411954,1521303831
519651471411954,100002515913544
198766590140562,1521303831
174279652597912,1521303831
342175835870395,1521303831
342175835870395,100001910123476
306230096104570,1521303831
352934091465662,1521303831
352934091465662,100001666873408
254607357942286,1521303831
120717404716498,1521303831
340034416067576,1521303831
161962970496484,1521303831
161962970496484,100002515913544
161962970496484,100003406057096
282655371867611,1521303831
289373831084067,1521303831
220079601449983,1521303831
233336903364889,1521303831
162816053735233,1521303831
194137593958008,1521303831
110516302460233,1521303831
132831800139608,1521303831
122000761167067,1521303831
547429768630985,1521303831
130209660501287,1521303831
363935683683492,1521303831
253803564764525,1521303831
253803564764525,100001666873408
211904915604436,1521303831
301760099841223,1521303831
301760099841223,100000240207079
264179843635769,1521303831
264179843635769,100000240207079
264179843635769,100000515573275
365989369023,1521303831
365989369023,100000240207079
365989369023,100000515573275
365989369023,100000633217963
365989369023,100002106591008
365989369023,100002515913544
365989369023,100003307988096
365989369023,100003981815303
365989369023,100004385917400
321040378012011,1521303831
142930275887651,1521303831
326979177422257,1521303831
632341970115094,1521303831
329673050455709,1521303831
161776237183738,1521303831
436132466467450,1521303831
436132466467450,100001666873408
436132466467450,100003406057096
149213385245845,1521303831
119372091481652,1521303831
223841390989935,1521303831
223841390989935,100002515913544
113655388650849,1521303831
268441876555513,1521303831
547776811934266,1521303831
231047180372705,1521303831
177581375724556,1521303831
177581375724556,100001910123476
102277319971681,1521303831
257957694231134,1521303831
247527465372643,1521303831
153806651343300,1521303831
432618570164924,1521303831
235830493193207,1521303831
145284928871101,1521303831
243716559023595,1521303831
401438069882731,1521303831
525545410828844,1521303831
140179336144754,1521303831
208341119233127,1521303831
147886441961095,1521303831
173845959305538,1521303831
173845959305538,100002515913544
279564072157846,1521303831
137545493088094,1521303831
132981756764779,1521303831
460558647346879,1521303831
134884879932303,1521303831
355297777912096,1521303831
217382528300046,1521303831
554266404592642,1521303831
201158866650814,1521303831
201158866650814,100000240207079
201158866650814,100001506916479
493703437319420,1521303831
306373082796880,1521303831
291048260906243,1521303831
183269148414813,1521303831
122654021193543,1521303831
295386700537565,1521303831
462100083801548,1521303831
462100083801548,100001506916479
462100083801548,100002515298048
462100083801548,100003406057096
462100083801548,100003981815303
222129184589201,1521303831
118449444895496,1521303831
118449444895496,100003406057096
117148421725395,1521303831
102290886528824,1521303831
264979366889679,1521303831
24046079472,1521303831
140486669346285,1521303831
140486669346285,100000515573275
140486669346285,100002515913544
140486669346285,100003307988096
307973242656411,1521303831
113093985532586,1521303831
196874050324089,1521303831
134347896578641,1521303831
371553449580468,1521303831
171658996305877,1521303831
147508411990053,1521303831
236152399809937,1521303831
100166026745931,1521303831
465252136856007,1521303831
364077433663016,1521303831
497168960293211,1521303831
236581369689076,1521303831
408876869142436,1521303831
117118481711255,1521303831
143580689128163,1521303831
518317574846296,1521303831
518317574846296,100001910123476
309188035790893,1521303831
288143894543002,1521303831
164017030329361,1521303831
164368343676894,1521303831
164368343676894,100000240207079
561905400488306,1521303831
561905400488306,100001910123476
322577604523077,1521303831
100939830027894,1521303831
337755256313010,1521303831
331602690207263,1521303831
476248389106785,1521303831
292219020892130,1521303831
422314351177368,1521303831
175160399276376,1521303831
434112196647752,1521303831
377432289020280,1521303831
506659876022365,1521303831
376990499019004,1521303831
217036691661836,1521303831
119771858124831,1521303831
119771858124831,100003406057096
476752709026496,1521303831
332931186775070,1521303831
184786328961,1521303831
389007587860766,1521303831
466642276705167,1521303831
171865369507507,1521303831
433019013397875,1521303831
283573725018599,1521303831
416934411652852,1521303831
165717200134622,1521303831
476900205686480,1521303831
229640083835902,1521303831
390773787645175,1521303831
438335362874495,1521303831
339107769443572,1521303831
504679286225840,1521303831
535568273123953,1521303831
158550667489041,1521303831
353009551432667,1521303831
353009551432667,100000240207079
401918516548639,1521303831
267312273365075,1521303831
174139405951633,1521303831
289925611107645,1521303831
306373152764276,1521303831
287984201318557,1521303831
287984201318557,100003406057096
505544316124734,1521303831
149355058429926,1521303831
102616749783617,1521303831
189764751051354,1521303831
189764751051354,100000240207079
189764751051354,100000515573275
189764751051354,100001596075214
189764751051354,100001666873408
189764751051354,100003399760968
143537842451097,1521303831
132784986865240,1521303831
205777362872179,1521303831
155016967875097,1521303831
180348372018564,1521303831
135205353215793,1521303831
182816468506206,1521303831
182816468506206,100000240207079
225295734165648,1521303831
316047658413711,1521303831
113514418682570,1521303831
192446624131155,1521303831
134629580004025,1521303831
237928466238887,1521303831
184235078296531,1521303831
270119276406800,1521303831
183173741724199,1521303831
370889229612585,1521303831
175430739163635,1521303831
175430739163635,100002515913544
385891044790122,1521303831
365142453509642,1521303831
194427860572526,1521303831
218871088141231,1521303831
146234358759461,1521303831
330425827008804,1521303831
259421147414401,1521303831
317009981715654,1521303831
244581895643886,1521303831
237446689626943,1521303831
246776458756010,1521303831
303726706363802,1521303831
303726706363802,100000240207079
303726706363802,100002515913544
314100415338725,1521303831
111724015524891,1835837835
151284414928781,1835837835
319600074107,1835837835
6629823612,1835837835
111643188932972,100000116792173
148422198596726,100000116792173
266122690081296,100000116792173
138211986340469,100000116792173
291990880916235,100000116792173
117152118447340,100000116792173
406118382760203,100000116792173
214341505365840,100000116792173
420602331334313,100000116792173
319700731412080,100000116792173
319700731412080,100002515298048
319700731412080,100003406057096
189973441031725,100000116792173
267627719997763,100000116792173
175113389177570,100000116792173
101115393316127,100000116792173
218368461591700,100000116792173
174498575927054,100000116792173
102173226491776,100000116792173
109689702445435,100000116792173
129737370428329,100000116792173
100491810028181,100000116792173
156685004390695,100000116792173
198937923474322,100000116792173
331131350231028,100000116792173
431964150253773,100000240207079
449780615136712,100000240207079
161976847204938,100000240207079
492365884135299,100000240207079
156580181197507,100000240207079
319754701431964,100000240207079
104028609635009,100000240207079
129440630490745,100000240207079
167670676617685,100000240207079
191062267677411,100000240207079
512620702130521,100000240207079
370382479658497,100000240207079
370382479658497,100001596075214
356984244389400,100000240207079
423242981116923,100000240207079
437667116321801,100000240207079
390765760955213,100000240207079
196956627103542,100000240207079
473423239394666,100000240207079
391368307585803,100000240207079
115857955167304,100000240207079
281786875183981,100000240207079
252040838174046,100000240207079
252040838174046,100000515573275
252040838174046,100002106591008
252040838174046,100002515913544
132548853496989,100000240207079
200858976592593,100000240207079
133541693452615,100000240207079
133541693452615,100003981815303
467516989998511,100000240207079
221891687879767,100000240207079
452982301459000,100000240207079
480353835341855,100000240207079
457793900975936,100000240207079
106248919520854,100000240207079
106248919520854,100001596075214
106248919520854,100003406057096
167396443303767,100000240207079
116375271764862,100000240207079
116375271764862,100002515298048
121183324619475,100000240207079
103594929727422,100000240207079
103594929727422,100000515573275
207655762581724,100000240207079
148304165318233,100000240207079
162537607124901,100000240207079
312992188763085,100000240207079
268756523234930,100000240207079
242733385751509,100000240207079
115423438471101,100000240207079
336296059762041,100000240207079
348429155235057,100000240207079
310576498990022,100000240207079
357661894265018,100000240207079
429279500462572,100000240207079
462695530448501,100000240207079
131034513740351,100000240207079
102974493083960,100000240207079
279854202133925,100000240207079
323998811033018,100000240207079
188156217913751,100000240207079
188156217913751,100002515913544
337070019739411,100000240207079
268884739903795,100000240207079
227218497326792,100000240207079
293632650756602,100000240207079
178088692288834,100000240207079
178088692288834,100001506916479
269012261862,100000240207079
149920905105387,100000240207079
255060324545860,100000240207079
175617979147048,100000240207079
213283312025494,100000240207079
196303913732193,100000240207079
249386835096129,100000240207079
130564291077,100000240207079
130564291077,100000515573275
130564291077,100002515298048
445225125528674,100000240207079
338077742912613,100000240207079
101311859966119,100000240207079
237368636341303,100000240207079
103636093053996,100000240207079
242317465804696,100000240207079
361816557193473,100000240207079
333385686743755,100000240207079
491095307575858,100000240207079
211951022213458,100000240207079
211951022213458,100001506916479
164580043665764,100000240207079
153142861496463,100000240207079
221970157934291,100000240207079
326546770696640,100000240207079
329855170397335,100000240207079
208604489186886,100000240207079
455637547787574,100000240207079
308413537545,100000240207079
291143067599065,100000240207079
181568441898976,100000240207079
232036523499621,100000240207079
183950798330351,100000240207079
213969115314271,100000240207079
160212257358540,100000240207079
160212257358540,100002515298048
160212257358540,100002515913544
198426946837831,100000240207079
165595443596137,100000240207079
165595443596137,100000515573275
332047796805816,100000240207079
232533526863492,100000240207079
182751385108822,100000240207079
170395446343312,100000240207079
284307555006996,100000240207079
305495026134544,100000240207079
130178643754210,100000240207079
351378274936319,100000240207079
208566032501821,100000240207079
208566032501821,100002515298048
152514058107284,100000240207079
418579248188416,100000240207079
175030709211885,100000240207079
175030709211885,100000515573275
175030709211885,100002515913544
152230308198848,100000240207079
272974559465090,100000240207079
327836155819,100000240207079
141384205960193,100000240207079
421775294505098,100000240207079
236422269712883,100000240207079
347319762019448,100000240207079
262359200532755,100000240207079
224964114200661,100000240207079
280203232027675,100000240207079
146775128726298,100000240207079
230656463639461,100000240207079
19440638720,100000240207079
49940376408,100000240207079
168707776529109,100000240207079
192181064146308,100000240207079
166811860065506,100000240207079
126939110741972,100000240207079
284997834852604,100000240207079
333417893371448,100000240207079
351480314897434,100000240207079
245342235534484,100000240207079
436895819674071,100000240207079
436895819674071,100001506916479
200450299999726,100000240207079
366878873354599,100000240207079
366878873354599,100001910123476
104522139654370,100000240207079
199702760159185,100000240207079
433428390035499,100000240207079
175755689129519,100000240207079
249355278483473,100000240207079
240957812634896,100000240207079
187939384573789,100000240207079
187939384573789,100003406057096
227613467255324,100000240207079
237424476375559,100000240207079
434724459881159,100000240207079
328098990534340,100000240207079
159741077421867,100000240207079
160409690691829,100000240207079
121321611288987,100000240207079
229281307142830,100000240207079
133695946701681,100000240207079
352210958178629,100000240207079
236453593037769,100000240207079
129543617111877,100000240207079
129543617111877,100000515573275
251375044956644,100000240207079
243999582291702,100000240207079
220243678028778,100000240207079
169460743165183,100000240207079
389771574406665,100000240207079
123473227786196,100000240207079
339117902789460,100000240207079
150582841673328,100000240207079
329780757077153,100000240207079
111888998903085,100000240207079
324644630918744,100000240207079
465343313480316,100000240207079
222737007787934,100000240207079
174730962574795,100000240207079
189919264384594,100000240207079
177710705608318,100000240207079
177710705608318,100000515573275
177710705608318,100001995687510
177710705608318,100002515298048
192320290803777,100000240207079
140085136082291,100000240207079
364900886893662,100000240207079
57851763662,100000240207079
204028512975018,100000240207079
136241233091470,100000240207079
136241233091470,100000515573275
136241233091470,100002515913544
604830786243958,100000240207079
284013128344954,100000240207079
176913435669990,100000240207079
192371517460672,100000240207079
230099240375542,100000240207079
296629180406178,100000240207079
252443758182610,100000240207079
140340572740828,100000240207079
282371121817533,100000240207079
192071310841348,100000240207079
206520442696041,100000240207079
266767393335071,100000240207079
138501186173183,100000240207079
189202947759074,100000240207079
333942746646419,100000240207079
226915667325692,100000240207079
310469445671073,100000240207079
380752771940725,100000240207079
232340426860329,100000240207079
197778573656824,100000240207079
189315477771068,100000240207079
189315477771068,100000515573275
189315477771068,100002515913544
189315477771068,100003406057096
329363913765792,100000240207079
204751506284849,100000240207079
191170400967961,100000240207079
296758547011335,100000240207079
182384281853611,100000240207079
138724902814496,100000240207079
225107950872208,100000240207079
159297930800819,100000240207079
183244721733423,100000240207079
189948384407991,100000240207079
314438165246404,100000240207079
177000792343476,100000240207079
247088715345545,100000240207079
170444726390238,100000240207079
308140655894369,100000240207079
309555369066803,100000240207079
219765744776320,100000240207079
195835113798144,100000240207079
263617467025318,100000240207079
263617467025318,100002515298048
307524252612907,100000240207079
307524252612907,100002515913544
179619892087794,100000240207079
190712597679159,100000240207079
214085901982335,100000240207079
214085901982335,100000515573275
176119472460924,100000240207079
201392256544828,100000240207079
131887383534942,100000240207079
249368168444891,100000240207079
102843129830823,100000240207079
102843129830823,100000515573275
192121640808384,100000240207079
157294284366292,100000240207079
183464755033668,100000240207079
183464755033668,100000515573275
183464755033668,100002515298048
237886039583181,100000240207079
237886039583181,100002515913544
146309392069492,100000240207079
146309392069492,100002515913544
169899916916,100000240207079
190120449872,100000240207079
138342559576845,100000240207079
122160027866601,100000240207079
122160027866601,100000515573275
122160027866601,100001506916479
122160027866601,100001596075214
122160027866601,100002515298048
168361589913264,100000240207079
260088334014034,100000240207079
151745448177244,100000240207079
175907765801528,100000240207079
130840513620763,100000240207079
161208237268345,100000240207079
233483353342419,100000240207079
257450357607621,100000240207079
102856703135232,100000240207079
143981452328195,100000240207079
156130634465103,100000240207079
119989191399671,100000240207079
119989191399671,100000515573275
103651269696921,100000240207079
108479412580709,100000240207079
168217423190764,100000240207079
285007084773,100000240207079
285007084773,100000515573275
199533436746215,100000240207079
245555905455879,100000240207079
163371267039313,100000240207079
163371267039313,100000515573275
163371267039313,100002515913544
226845074020727,100000240207079
119542141471385,100000240207079
130673770354810,100000240207079
143219299056334,100000240207079
143219299056334,100002515913544
115557231802005,100000240207079
172840332746538,100000240207079
121029011315207,100000240207079
22707976849,100000240207079
22707976849,100002515913544
158698607530883,100000240207079
158698607530883,100001596075214
181600845217575,100000240207079
214945035206084,100000240207079
138476936217764,100000240207079
103592156389981,100000240207079
153410258039671,100000240207079
167829266577725,100000240207079
167829266577725,100001720023272
164996916889923,100000240207079
200716793306760,100000240207079
155271904532721,100000240207079
197052454200,100000240207079
160384490690363,100000240207079
114641525251602,100000240207079
114641525251602,100002515913544
184716408255070,100000240207079
184716408255070,100000515573275
215606741784908,100000240207079
162398470488108,100000240207079
189246591087656,100000240207079
127884213934047,100000240207079
185610338138476,100000240207079
132588773470752,100000240207079
199974513362985,100000240207079
150266364988641,100000240207079
150266364988641,100000515573275
150266364988641,100002515913544
10376464573,100000240207079
109917972366980,100000240207079
7703918541,100000240207079
148186835240503,100000240207079
202091116485298,100000240207079
170549629661537,100000240207079
154418217950873,100000240207079
152963321410148,100000240207079
136030439800052,100000240207079
182139975136024,100000240207079
118155368220791,100000240207079
111997412149220,100000240207079
103805796325034,100000240207079
10150119862555014,100000240207079
196466527046853,100000240207079
142466965801396,100000240207079
106965639327364,100000240207079
191458487533928,100000240207079
191458487533928,100002515913544
166897040001745,100000240207079
138543896210426,100000240207079
100631033318264,100000240207079
100631033318264,100002515913544
140289142674398,100000240207079
148606155185072,100000240207079
136262349743007,100000240207079
177999358901115,100000240207079
152959234723864,100000240207079
295153091896,100000240207079
121222981221150,100000240207079
108998602456924,100000240207079
18554375953,100000240207079
5660597307,100000240207079
108561675835609,100000240207079
105690869465315,100000240207079
127052177352180,100000240207079
139557499402407,100000240207079
107552735941492,100000240207079
106281009399204,100000240207079
130767263797830,100000515573275
245406128930642,100000515573275
566011036771112,100000515573275
130318276984966,100000515573275
130318276984966,100002515298048
130318276984966,100002515913544
117740778279970,100000515573275
122455591098400,100000515573275
122455591098400,100002515913544
122455591098400,100003406057096
212397478822825,100000515573275
212397478822825,100002515913544
474826005903904,100000515573275
464263420348335,100000515573275
182274318466028,100000515573275
545903442100682,100000515573275
166501920164949,100000515573275
166501920164949,100002515298048
265338100250674,100000515573275
107756002631991,100000515573275
443417219074443,100000515573275
443417219074443,100002515913544
121281741321109,100000515573275
420082624752315,100000515573275
178044785707924,100000515573275
208930499175891,100000515573275
194454507389172,100000515573275
292323177568415,100000515573275
584028828304534,100000515573275
340289569406595,100000515573275
374206539314094,100000515573275
149264505090771,100000515573275
149264505090771,100002515913544
350172721766506,100000515573275
254905471228064,100000515573275
266883730018670,100000515573275
204772072875670,100000515573275
241041685980642,100000515573275
397955415556,100000515573275
259484834093254,100000515573275
414857485254274,100000515573275
162838420403906,100000515573275
304872736287572,100000515573275
343654409042593,100000515573275
168579913155525,100000515573275
369447196424510,100000515573275
279299738764802,100000515573275
204277149587596,100000515573275
134031706717118,100000515573275
121139944649479,100000515573275
121139944649479,100003406057096
626605124033784,100000515573275
209597352409538,100000515573275
128525140492686,100000515573275
128525140492686,100001666873408
128525140492686,100001720023272
128525140492686,100003406057096
156952631038826,100000515573275
313481048779745,100000515573275
132231446797184,100000515573275
268149723230423,100000515573275
268149723230423,100002515298048
105285106271287,100000515573275
541995409166536,100000515573275
142430469104643,100000515573275
144009438946819,100000515573275
309501142439216,100000515573275
309501142439216,100003406057096
225442067485063,100000515573275
165929733459225,100000515573275
325218610932787,100000515573275
304811342894758,100000515573275
209761443372,100000515573275
277483875628109,100000515573275
7057882289,100000515573275
254445913829,100000515573275
216597755082949,100000515573275
141545972523915,100000515573275
141545972523915,100003399760968
196542433794440,100000515573275
343301132448006,100000515573275
181143345255191,100000515573275
110151569043864,100000515573275
200959013279824,100000515573275
301679599863901,100000515573275
258204684212148,100000515573275
115814808530546,100000515573275
197000786998696,100000515573275
197000786998696,100001910123476
21879097106,100000515573275
21879097106,100001506916479
21879097106,100002106591008
21879097106,100002515298048
21879097106,100003981815303
325846397519179,100000515573275
457347920986765,100000515573275
427215907320640,100000515573275
429109397178218,100000515573275
106270215428,100000515573275
106270215428,100003406057096
325106067572144,100000515573275
285001398255046,100000515573275
210021832343366,100000515573275
210021832343366,100002515913544
270595699655967,100000515573275
235819299859214,100000515573275
270486662985214,100000515573275
270486662985214,100002515913544
371718262898649,100000515573275
235963113195842,100000515573275
146189122197442,100000515573275
146189122197442,100002515913544
474922905887160,100000515573275
309284079181501,100000515573275
104759839604740,100000515573275
104759839604740,100001596075214
172948099394889,100000515573275
198262160205438,100000515573275
195168607171282,100000515573275
240606315968619,100000515573275
240606315968619,100002515913544
289511897812981,100000515573275
329797870363817,100000515573275
329797870363817,100002515913544
256129504402705,100000515573275
256129504402705,100003406057096
148460645307171,100000515573275
368046816613217,100000515573275
128266787278899,100000515573275
128266787278899,100002515913544
261914617256001,100000515573275
199040196780591,100000515573275
314327765333656,100000515573275
238289672918412,100000515573275
19292868552,100000515573275
19292868552,100001666873408
19292868552,100001720023272
19292868552,100003981815303
502554316442433,100000515573275
502554316442433,100001506916479
502554316442433,100003406057096
452972464724133,100000515573275
250724334945055,100000515573275
146169208754553,100000515573275
142840345757256,100000515573275
102701449801540,100000515573275
248009155235191,100000515573275
205889428477,100000515573275
87138889435,100000515573275
152783398158929,100000515573275
139596640092,100000515573275
139596640092,100002515913544
205355226150277,100000515573275
114729275304008,100000515573275
171730279549641,100000515573275
208456613978,100000515573275
208456613978,100001666873408
208456613978,100002515913544
237376959705673,100000515573275
266056920127224,100000515573275
266056920127224,100002515913544
121220481313883,100000515573275
170156386349888,100000515573275
181888408592728,100000515573275
213814098644212,100000515573275
422136731171045,100000515573275
422136731171045,100003406057096
251454778220365,100000515573275
15576613667,100000515573275
111142502270580,100000515573275
355709401175411,100000515573275
198590540155374,100000515573275
195696003838302,100000515573275
162657777086002,100000515573275
160617097307237,100000515573275
51949287915,100000515573275
460598880647352,100000515573275
218798321485908,100000515573275
157298014356962,100000515573275
157298014356962,100001506916479
377218032315864,100000515573275
121440887938298,100000515573275
121440887938298,100001506916479
406387650030,100000515573275
258024964248038,100000515573275
119658754750267,100000515573275
119658754750267,100002515913544
377531815599879,100000515573275
129601527107183,100000515573275
129601527107183,100002515913544
461245227225352,100000515573275
115587395173834,100000515573275
89206188716,100000515573275
271849702845068,100000515573275
218281591625244,100000515573275
207352619375526,100000515573275
90519004871,100000515573275
216232585076099,100000515573275
146998072020118,100000515573275
280585905317659,100000515573275
389164581095697,100000515573275
43698371935,100000515573275
186892418028735,100000515573275
214485338566687,100000515573275
366862066710055,100000515573275
153664961346013,100000515573275
111141618921610,100000515573275
270106119696186,100000515573275
218279288185600,100000515573275
350872251623307,100000515573275
278674678838212,100000515573275
164335796953372,100000515573275
197262326951664,100000515573275
190151467696375,100000515573275
190353767706553,100000515573275
232137513530224,100000515573275
154236987949260,100000515573275
147919441893525,100000515573275
216131098405839,100000515573275
157574337644417,100000515573275
139176562862301,100000515573275
146074775431516,100000515573275
189040914461404,100000515573275
155058127881222,100000515573275
155392917865078,100000515573275
151600494904185,100000515573275
131118453625171,100000515573275
219565841392514,100000515573275
143718759008710,100000515573275
107345826004593,100000515573275
220659614667808,100000515573275
126705857400914,100000515573275
315285561816108,100000515573275
200017453402327,100000515573275
200979083250479,100000515573275
144095139016840,100000515573275
205680602808357,100000515573275
149367285119867,100000515573275
210040222340073,100000515573275
192903550722734,100000515573275
120640667949847,100000515573275
30670583128,100000515573275
197416323637659,100000515573275
20531316728,100000515573275
20531316728,100002515913544
7270241753,100000515573275
122908054392375,100000515573275
35245929077,100000515573275
111013788925857,100000515573275
112377915444589,100000515573275
139841466050971,100000515573275
212623222081366,100000515573275
141768975896715,100000515573275
28627688223,100000515573275
99792857339,100000515573275
186476191384558,100000515573275
101047913272571,100000515573275
212216417436,100000515573275
156794164312,100000515573275
168169803229342,100000515573275
395737550506595,100000515573275
298709471678,100000633217963
130019843713,100000633217963
211884285658839,100001506916479
160186184105419,100001506916479
170337923005417,100001506916479
143036555848483,100001506916479
165098647030597,100001506916479
190962731069010,100001506916479
156489854475394,100001506916479
135319306636378,100001506916479
133960133335737,100001506916479
267681243253235,100001506916479
701103489906431,100001506916479
209583169193120,100001506916479
349609388430231,100001506916479
557680694249770,100001506916479
303797249682257,100001506916479
429847347093203,100001506916479
429847347093203,100002515298048
453729004693344,100001506916479
580316632012670,100001506916479
463801873712884,100001506916479
450543278366809,100001506916479
450543278366809,100002515298048
110860282398013,100001506916479
110860282398013,100002515298048
142886669149543,100001506916479
171046676352833,100001506916479
54971236771,100001506916479
167129323350768,100001506916479
380370855351334,100001506916479
421757794587243,100001506916479
421757794587243,100001666873408
421757794587243,100002515298048
421757794587243,100002515913544
304137306300510,100001506916479
484299761625407,100001506916479
287104014744281,100001506916479
237892486276057,100001506916479
322243291215169,100001506916479
489303041117046,100001506916479
489303041117046,100002515298048
225039330975895,100001506916479
225039330975895,100002515298048
155229271267949,100001506916479
109362572540097,100001506916479
330490387026502,100001506916479
185422931575190,100001506916479
138036936241737,100001506916479
152108601601622,100001506916479
524100667614587,100001506916479
591503514199955,100001506916479
159521040777015,100001506916479
115946851915994,100001506916479
422736324452756,100001506916479
374855269243898,100001506916479
328836337128266,100001506916479
144992265597813,100001506916479
144992265597813,100002515298048
102078603219601,100001506916479
104958162837,100001506916479
308448409170295,100001506916479
201714506628704,100001506916479
160458780728859,100001506916479
338398846255586,100001506916479
338398846255586,100002515298048
522312301112284,100001506916479
161142780694648,100001506916479
176853785658187,100001506916479
176853785658187,100002515298048
431378223585667,100001506916479
126016340881224,100001506916479
126016340881224,100002515298048
126016340881224,100004450475809
492435380775726,100001506916479
492435380775726,100003406057096
430310023693565,100001506916479
166909356669405,100001506916479
166909356669405,100002515298048
166909356669405,100003981815303
119215924897596,100001506916479
447886998590567,100001506916479
156835637685670,100001506916479
481755965189687,100001506916479
481755965189687,100002515298048
244418162281909,100001506916479
193616700736277,100001506916479
126162520865042,100001506916479
468678209831867,100001506916479
260216864080530,100001506916479
102176386581787,100001506916479
314963651944584,100001506916479
526430887370861,100001506916479
191346097584176,100001506916479
159828270755034,100001506916479
239127396201247,100001506916479
271962976254940,100001506916479
401232236610755,100001506916479
330470993716034,100001506916479
438945579491087,100001506916479
349593321796399,100001506916479
391920210874255,100001506916479
176161542433977,100001506916479
138161162973688,100001506916479
498280443521022,100001506916479
225921597439668,100001506916479
156476061148259,100001506916479
307104046051338,100001506916479
287392901358494,100001506916479
397974976933014,100001506916479
322797081112813,100001506916479
105843392821300,100001506916479
463376537011547,100001506916479
272350002800683,100001506916479
420355711340363,100001506916479
420355711340363,100002515298048
264708840296615,100001506916479
330222863732982,100001506916479
477138248966410,100001506916479
104053186298554,100001506916479
326417020731981,100001506916479
326417020731981,100002515298048
106156432749453,100001506916479
356289514431441,100001506916479
356289514431441,100002515298048
429135577102678,100001506916479
116815481437,100001506916479
240394732703392,100001506916479
194713487306663,100001506916479
166623963389149,100001506916479
166623963389149,100002515298048
117729698298870,100001506916479
163197537035287,100001506916479
298112000235096,100001506916479
298112000235096,100002515298048
298112000235096,100003981815303
178409568911867,100001506916479
256089854460925,100001506916479
256089854460925,100002515298048
143531162388199,100001506916479
143531162388199,100002515298048
166232673493007,100001506916479
157164174392263,100001506916479
135184026588021,100001506916479
276373512417331,100001506916479
276373512417331,100002515298048
183192011771534,100001506916479
176439939046394,100001506916479
176439939046394,100002515913544
169229249849848,100001506916479
178552895582730,100001506916479
110031349080067,100001506916479
223553430993361,100001506916479
223553430993361,100002515298048
116460208420115,100001506916479
116460208420115,100002515298048
165891360127521,100001506916479
216703215018980,100001506916479
199877860045115,100001506916479
105078906258293,100001506916479
170789879651028,100001506916479
202221166486805,100001506916479
112231415521450,100001506916479
112231415521450,100002515298048
124474147611907,100001506916479
292693377507582,100001596075214
375314055894,100001596075214
181882255162476,100001596075214
394711913938670,100001596075214
224755387582651,100001596075214
473671685998342,100001596075214
305307032847335,100001596075214
384266284956313,100001596075214
250171308424516,100001596075214
190530191057744,100001596075214
115340628530216,100001596075214
129598730399542,100001596075214
129598730399542,100002515913544
129598730399542,100003406057096
159017577479923,100001596075214
141575369223202,100001596075214
173710569407395,100001596075214
246328255416439,100001596075214
246328255416439,100003406057096
281134035290520,100001596075214
119645741459863,100001596075214
109627642394498,100001596075214
215183125222282,100001596075214
164467520235068,100001596075214
175243869192255,100001596075214
208430759182876,100001596075214
151000174964935,100001596075214
116903148327340,100001596075214
139393892798132,100001596075214
108533319168572,100001596075214
191129807594915,100001596075214
151512694910771,100001596075214
138091456261434,100001596075214
120243964719952,100001596075214
114630551944786,100001596075214
360322022718,100001596075214
200119340018796,100001596075214
112125505471133,100001596075214
115369788485164,100001596075214
113918428687418,100001596075214
107925299236195,100001596075214
105648376134587,100001596075214
103852469653050,100001596075214
188636181170025,100001596075214
178362175516376,100001596075214
144293905637858,100001596075214
211995132167016,100001596075214
196382020413061,100001596075214
56232316996,100001596075214
138215956272931,100001596075214
115599341835205,100001596075214
115599341835205,100003406057096
115270898556395,100001596075214
153169491409468,100001596075214
709047899122185,100001666873408
1413586125534306,100001666873408
216173821726271,100001666873408
216173821726271,100001910123476
157503267643776,100001666873408
279238542101650,100001666873408
522934054448980,100001666873408
174662296006386,100001666873408
423909704374539,100001666873408
243297675802283,100001666873408
112528285488879,100001666873408
254993767849576,100001666873408
170934159585252,100001666873408
236919456457369,100001666873408
340499799364434,100001666873408
409827359062866,100001666873408
299368880131919,100001666873408
139396756218392,100001666873408
269237886556267,100001666873408
246033695419511,100001666873408
228082107258907,100001666873408
288883334547619,100001666873408
285068068292416,100001666873408
292801787485325,100001666873408
292801787485325,100003406057096
356361197778240,100001666873408
204255286317370,100001666873408
142275269141162,100001666873408
142275269141162,100002515913544
408913099160330,100001666873408
289224814473534,100001666873408
242158515871607,100001666873408
242158515871607,100003406057096
108321849246229,100001666873408
186436701519888,100001666873408
327954873932817,100001666873408
327954873932817,100002515913544
259405407537934,100001666873408
278819542161562,100001666873408
278819542161562,100002515913544
278819542161562,100003406057096
164648843634722,100001666873408
164648843634722,100002515913544
164648843634722,100003399760968
133572270166562,100001666873408
133572270166562,100003406057096
212019355492920,100001666873408
218068891654630,100001666873408
201774039953627,100001666873408
422259514477310,100001666873408
385676424821679,100001666873408
101021706632654,100001666873408
229305827082003,100001666873408
237920479555435,100001666873408
187413104620426,100001666873408
108446429232864,100001666873408
314467614927,100001666873408
195960353753737,100001666873408
201850519829384,100001666873408
121546347919531,100001720023272
377872775660588,100001720023272
377872775660588,100001910123476
202603309766491,100001720023272
135754236627368,100001720023272
103113856395914,100001720023272
190961154279483,100001720023272
190961154279483,100002515298048
135462093185814,100001720023272
386423718068997,100001720023272
106222302750547,100001720023272
194647467241405,100001720023272
112164532134171,100001720023272
191793670856317,100001720023272
192808344089239,100001720023272
11065914149,100001720023272
230948040293036,100001720023272
287579197934416,100001720023272
162567373773081,100001720023272
162567373773081,100002106591008
115813965158500,100001720023272
113992218610952,100001720023272
107433855953162,100001720023272
5936209845,100001720023272
20669912712,100001720023272
83087068613,100001720023272
100894983283660,100001720023272
291591347648535,100001910123476
137618906311301,100001910123476
471514606218222,100001910123476
131856863636410,100001910123476
131856863636410,100002515298048
473229442767645,100001910123476
478541448897521,100001910123476
136318189715663,100001910123476
136318189715663,100003406057096
492990124085870,100001910123476
145646742257390,100001910123476
549733391760537,100001910123476
549733391760537,100001995687510
191140544354984,100001910123476
328190170611519,100001910123476
580016792055616,100001910123476
139700232771661,100001910123476
171100099693875,100001910123476
242310945894113,100001910123476
137854186286977,100001910123476
534674069939868,100001910123476
527741120630552,100001910123476
1401289463424267,100001910123476
333063180093330,100001910123476
391245787641657,100001910123476
151864788319698,100001910123476
128328647320007,100001910123476
399069823547809,100001910123476
477337095649271,100001910123476
192273800926380,100001910123476
329221760511611,100001910123476
174736609330167,100001910123476
162968673859412,100001910123476
120327674725088,100001910123476
320966517995938,100001910123476
557126127654166,100001910123476
142043762610009,100001910123476
194358687354925,100001910123476
307082099419443,100001910123476
466964443344198,100001910123476
500646073293285,100001910123476
150446655046757,100001910123476
296151660443284,100001910123476
199367580123585,100001910123476
126361507516418,100001910123476
343582648870,100001910123476
139033829486025,100001910123476
139033829486025,100002515913544
334743676624637,100001910123476
148466818546022,100001910123476
290535437661806,100001910123476
258808807558025,100001910123476
118833424879735,100001910123476
285768371476207,100001910123476
518663231499878,100001910123476
134814393322810,100001910123476
134161303281024,100001910123476
264176950284145,100001910123476
104043299764538,100001910123476
236248306409122,100001910123476
194839810542098,100001910123476
227330750663964,100001910123476
270850413003944,100001910123476
348527601857878,100001910123476
348527601857878,100001995687510
256236694483338,100001910123476
128788157190054,100001910123476
143757629020348,100001910123476
156141437810450,100001910123476
161245883896888,100001910123476
161245883896888,100001995687510
113385208816464,100001910123476
399434926786967,100001910123476
422099861144315,100001910123476
373799859357607,100001910123476
105032866313449,100001910123476
300527869976341,100001910123476
480589911960097,100001910123476
401810719843870,100001910123476
193828030632195,100001910123476
340848122647149,100001910123476
170423106365637,100001910123476
154009487994547,100001910123476
196487417139585,100001910123476
134209959928081,100001910123476
276994385689738,100001910123476
131964186913385,100001910123476
419120198132740,100001910123476
324826994264335,100001910123476
286594901437638,100001910123476
165602973565392,100001910123476
107085802683826,100001910123476
297867763556926,100001910123476
381714341854809,100001910123476
105726942812357,100001910123476
180838318633798,100001910123476
237999592921678,100001910123476
226782914074109,100001910123476
220377251309065,100001910123476
162977103769779,100001910123476
255851744465515,100001910123476
150919244944786,100001910123476
209644862380838,100001910123476
126926044049296,100001910123476
160154740721019,100001910123476
114420458573912,100001910123476
149203621804542,100001910123476
160884850627186,100001910123476
119959034731852,100001910123476
107549589263577,100001910123476
106517336050067,100001910123476
198301966862864,100001910123476
113555761993834,100001910123476
172422462816438,100001995687510
163597866996516,100001995687510
268956643214533,100001995687510
360636620710488,100001995687510
360557763955395,100001995687510
493904517350984,100001995687510
473658579384099,100001995687510
605742392793439,100001995687510
379372595472559,100001995687510
139919389412893,100001995687510
131778113668474,100001995687510
396073457081984,100001995687510
246355198758192,100001995687510
130965886993552,100001995687510
224845277597439,100001995687510
232509566807324,100001995687510
232509566807324,100003406057096
223446177685543,100001995687510
151886814993487,100002106591008
144430052279652,100002106591008
104137916289059,100002106591008
100550333391150,100002106591008
442624962489573,100002106591008
112320468844183,100002106591008
256358524386556,100002106591008
129096460486127,100002106591008
107496599279538,100002106591008
299111590161593,100002106591008
177526122303879,100002106591008
198155126895148,100002106591008
41379608607,100002106591008
160194294029637,100002106591008
269228899765230,100002106591008
259841090696391,100002106591008
109685049056745,100002106591008
38858586087,100002106591008
146301312073783,100002106591008
110790012269725,100002106591008
124298817619313,100002106591008
131572223581891,100002106591008
110676492287968,100002106591008
124870827585213,100002106591008
161353750549175,100002106591008
358558163093,100002106591008
105606816144607,100002106591008
180625385298105,100002106591008
114345505249430,100002106591008
129176420482937,100002106591008
110418452313993,100002106591008
104178576285587,100002106591008
104062919630850,100002106591008
17337462361,100002106591008
198628406815446,100002106591008
114976788512329,100002106591008
112082392142518,100002106591008
199299626746958,100002106591008
129432533770911,100002411930792
299848876756086,100002411930792
108379982523213,100002411930792
105942022769573,100002411930792
204167576260452,100002515298048
197105633796732,100002515298048
539911089383626,100002515298048
181667058649962,100002515298048
183124858423306,100002515298048
552317148144678,100002515298048
456358211102508,100002515298048
584867061554981,100002515298048
272949186072900,100002515298048
295806740528116,100002515298048
115086511900968,100002515298048
440760029347572,100002515298048
152055278287353,100002515298048
501426263247094,100002515298048
727498183933450,100002515298048
500332503365301,100002515298048
246263308823098,100002515298048
198667793542480,100002515298048
614643678548910,100002515298048
283286555101572,100002515298048
204462619566871,100002515298048
427515310629166,100002515298048
115317712001174,100002515298048
215289568493178,100002515298048
150519678362904,100002515298048
166288180127585,100002515298048
119023454844571,100002515298048
486132248087909,100002515298048
553226748048458,100002515298048
194622173910683,100002515298048
195672277120960,100002515298048
404325532944083,100002515298048
118086638278328,100002515298048
120983594626225,100002515298048
112835965463802,100002515298048
463902010371548,100002515298048
215095088531942,100002515298048
366087583476315,100002515298048
391674087610160,100002515298048
325606754134199,100002515298048
155178004653686,100002515298048
188467604529705,100002515298048
325461008599,100002515298048
486241831455262,100002515298048
177523872304554,100002515298048
169026923228601,100002515298048
168732413188970,100002515298048
132436940240093,100002515298048
240279946081053,100002515298048
190237157718691,100002515298048
117049258360689,100002515298048
214514335246287,100002515298048
257405541047730,100002515298048
183495961672097,100002515298048
91318649913,100002515298048
130772808823,100002515298048
365902833500517,100002515298048
144430112266931,100002515298048
144430112266931,100003406057096
152295761511473,100002515298048
382544888435030,100002515298048
102029659893171,100002515298048
299969570107254,100002515298048
325673654175307,100002515298048
328446597228275,100002515298048
427958090634764,100002515298048
189097707788520,100002515298048
113848698757950,100002515298048
169249279826808,100002515298048
239092159542745,100002515298048
384876154889936,100002515298048
202026293187145,100002515298048
315013918607804,100002515298048
259400757539623,100002515298048
143498129118999,100002515298048
585024171516728,100002515298048
168327473321345,100002515298048
100587476689208,100002515298048
102562009833744,100002515298048
176184009135417,100002515298048
297412267028299,100002515298048
103287409763845,100002515298048
150797114999114,100002515298048
141536932562571,100002515298048
134759923294889,100002515298048
297010110312192,100002515298048
168879956467804,100002515298048
155425434489455,100002515298048
470940726263796,100002515298048
339321842831818,100002515298048
139818172754224,100002515298048
106769629515282,100002515298048
278245015639917,100002515298048
149638258430651,100002515298048
290231401083616,100002515298048
127079434030941,100002515298048
195680633840439,100002515298048
157603974252388,100002515298048
207759289246437,100002515298048
261864120544992,100002515298048
524732370903388,100002515298048
533686529988181,100002515298048
191765414203289,100002515298048
151734574908371,100002515298048
443353425687741,100002515298048
149046381830972,100002515298048
227840647230116,100002515298048
191451430883576,100002515298048
277078275705470,100002515298048
264917283562766,100002515298048
395664867172292,100002515298048
164758550321582,100002515298048
377174878885,100002515298048
460494267302910,100002515298048
174208035989543,100002515298048
160239977388189,100002515298048
235897996524311,100002515298048
528380003857403,100002515298048
78922439964,100002515298048
181442428634078,100002515298048
445493242153601,100002515298048
201768913239746,100002515298048
364148580302962,100002515298048
194909893876128,100002515298048
180604991976785,100002515298048
122659394448842,100002515298048
394235133979604,100002515298048
446021202087869,100002515298048
119270464770217,100002515298048
231127970347281,100002515298048
378486285533907,100002515298048
142432839143817,100002515298048
115301619497,100002515298048
319509574794006,100002515298048
187482497946921,100002515298048
165515176876020,100002515298048
124826100908415,100002515298048
124826100908415,100002515913544
157032201047850,100002515298048
310764145655120,100002515298048
338121232879844,100002515298048
163839747036435,100002515298048
233183103411110,100002515298048
310715572283193,100002515298048
195912163815760,100002515298048
258181327589300,100002515298048
159170644105021,100002515298048
114899838525968,100002515298048
111490292270538,100002515298048
172171209486642,100002515298048
239646649439732,100002515298048
239862372700084,100002515298048
223913614315762,100002515298048
124489290942885,100002515298048
107459605950309,100002515298048
104865260717,100002515298048
178238615521182,100002515298048
185962678105859,100002515298048
175164315840165,100002515298048
170286046365588,100002515298048
143257905742073,100002515298048
119431954795790,100002515298048
116982221829003,100002515913544
149314461927697,100002515913544
391178800935661,100002515913544
7568536355,100002515913544
547572331978237,100002515913544
270562326414769,100002515913544
296160187073769,100002515913544
188120087890784,100002515913544
210464232462376,100002515913544
293756783973540,100002515913544
188565904509545,100002515913544
362754467082067,100002515913544
584900824904052,100002515913544
187134354780352,100002515913544
562825783740487,100002515913544
562825783740487,100003406057096
581597085195031,100002515913544
585293891533022,100002515913544
202972043082448,100002515913544
202972043082448,100003406057096
120508521316017,100002515913544
351667881627904,100002515913544
303946806380110,100002515913544
303946806380110,100003406057096
504037289675321,100002515913544
475509262545134,100002515913544
126193304175688,100002515913544
516089185130791,100002515913544
146600035394613,100002515913544
1389064694656658,100002515913544
156484891068079,100002515913544
153221354733995,100002515913544
121879231193182,100002515913544
587390707968290,100002515913544
431490906881169,100002515913544
697886703560579,100002515913544
27566414308,100002515913544
362634740501300,100002515913544
362634740501300,100003981815303
480241308668127,100002515913544
412311622217494,100002515913544
527525200651277,100002515913544
425654480826563,100002515913544
179450825507591,100002515913544
411752008872934,100002515913544
382685111853951,100002515913544
336123439843201,100002515913544
296893023747652,100002515913544
174241695925813,100002515913544
144272679100476,100002515913544
97830335456,100002515913544
195818487134615,100002515913544
477509128984111,100002515913544
374121542672739,100002515913544
118681515000987,100002515913544
497714863578205,100002515913544
194101710633095,100002515913544
214165675361830,100002515913544
214165675361830,100003406057096
156397864375689,100002515913544
108197079332586,100002515913544
147610635403037,100002515913544
125454040916649,100002515913544
362354060550226,100002515913544
106976563522,100002515913544
29092950651,100002515913544
348152258638727,100002515913544
200875096622099,100002515913544
376757622354253,100002515913544
133571503475697,100002515913544
481407135227207,100002515913544
187997564556793,100002515913544
175272119257459,100002515913544
501801759847941,100002515913544
182751978427464,100002515913544
451900838213878,100002515913544
194777187209358,100002515913544
267661713339470,100002515913544
184414318245423,100002515913544
192652797434829,100002515913544
103135179817119,100002515913544
235569509903694,100002515913544
100616993359397,100002515913544
107072989372200,100002515913544
182300081816398,100002515913544
186533788057543,100002515913544
329477253753164,100002515913544
421827714523303,100002515913544
311501768918158,100002515913544
287823021313454,100002515913544
219302204769468,100002515913544
164063026977630,100002515913544
201816466600947,100002515913544
495808303764741,100002515913544
137476469736606,100002515913544
278979182201612,100002515913544
321402567947198,100002515913544
359862277404965,100002515913544
289230474518080,100002515913544
452351214805010,100002515913544
307609899336333,100002515913544
225445487569387,100002515913544
236379016400475,100002515913544
460965883966771,100002515913544
113652245401984,100002515913544
136340103043553,100002515913544
136340103043553,100003406057096
132122960266016,100002515913544
117205518400650,100002515913544
332012013479576,100002515913544
237443353028298,100002515913544
498129576887030,100002515913544
216306595076599,100002515913544
312295282119846,100002515913544
113323962093157,100002515913544
127014740729028,100002515913544
409489245791161,100002515913544
131347510270683,100002515913544
442563749109411,100002515913544
249224681870909,100002515913544
192881287503596,100002515913544
429210937102369,100002515913544
179336782104340,100002515913544
357596014335908,100002515913544
442937109061521,100002515913544
398067606929137,100002515913544
304502906280265,100002515913544
162895497103806,100002515913544
162895497103806,100003406057096
212071458914711,100002515913544
186354984734942,100002515913544
123876871078011,100002515913544
191299927665572,100002515913544
150503391638718,100002515913544
554511894563612,100002515913544
143164875731180,100002515913544
317188511704078,100002515913544
142311049249839,100002515913544
187979524655336,100002515913544
187979524655336,100003406057096
182740331769402,100002515913544
332739396750613,100002515913544
424921820899840,100002515913544
477310315621412,100002515913544
351754674916830,100002515913544
385794498168122,100002515913544
167010986716944,100002515913544
222890331095583,100002515913544
294892370605666,100002515913544
299394826832257,100002515913544
13215058940,100002515913544
5510679098,100002515913544
180125532063176,100002515913544
132559586800757,100002515913544
230071580339639,100002515913544
148868458543946,100002515913544
356283834392926,100002515913544
151421668262789,100002515913544
465987090120062,100002515913544
237893809673336,100002515913544
366216763433256,100002515913544
327888260630724,100002515913544
110719892380407,100002515913544
350306348378570,100002515913544
190947667633056,100002515913544
80518126820,100002515913544
178176532220435,100002515913544
178176532220435,100003406057096
328654777185635,100002515913544
434951129876508,100002515913544
355539997857756,100002515913544
381221961898597,100002515913544
376004572440839,100002515913544
426177637432369,100002515913544
144848955572021,100002515913544
168077566572383,100002515913544
177672175586010,100002515913544
263268427052747,100002515913544
129360440495179,100002515913544
301080889921158,100002515913544
162774860409757,100002515913544
145405828881046,100002515913544
136971792984369,100002515913544
217160245021453,100002515913544
383688175002471,100002515913544
307744205963814,100002515913544
159252044103268,100002515913544
210340295645780,100002515913544
105800262898163,100002515913544
290774904324843,100002515913544
290774904324843,100003406057096
272137912861053,100002515913544
148264035239019,100002515913544
204354279606564,100002515913544
140702769327853,100002515913544
406615912712473,100002515913544
235875939834832,100002515913544
82551196301,100002515913544
221643397931559,100002515913544
268098523267349,100002515913544
247148035375741,100002515913544
227401050628699,100002515913544
273360222756246,100002515913544
174372929255257,100002515913544
232545080108411,100002515913544
131746556951744,100002515913544
207871699237736,100002515913544
207871699237736,100003406057096
339823739397636,100002515913544
275748335796637,100002515913544
142418475800288,100002515913544
393760693971150,100002515913544
381971247736,100002515913544
263076450392097,100002515913544
220421538005781,100002515913544
109125602524636,100002515913544
351119501599513,100002515913544
129790443796714,100002515913544
130072530352333,100002515913544
221945804533088,100002515913544
195014877213526,100002515913544
100214123382087,100002515913544
124487610905234,100002515913544
305464009478980,100002515913544
305464009478980,100003406057096
175693859138949,100002515913544
198915926797668,100002515913544
290240341045846,100002515913544
156033457807020,100002515913544
141093649327403,100002515913544
112933295487212,100002515913544
242931812472736,100002515913544
185567571488063,100002515913544
185567571488063,100003406057096
138721849505935,100002515913544
235965489802726,100002515913544
225797974178658,100002515913544
264770636938069,100002515913544
162666113836565,100002515913544
153243421405967,100002515913544
31987371885,100002515913544
192741464092827,100002515913544
106129369519008,100002515913544
8496751819,100002515913544
331262130264672,100002515913544
298554136858212,100002515913544
375536692469481,100002515913544
284990744909214,100002515913544
245662615480691,100002515913544
362853197086215,100002515913544
197305506947672,100002515913544
165971070183885,100002515913544
365305070159478,100002515913544
129106150508821,100002515913544
196462913717216,100002515913544
176369689077467,100002515913544
176369689077467,100003406057096
164489816910252,100002515913544
126979490708121,100002515913544
199519330077769,100002515913544
256070004411411,100002515913544
190358544380735,100002515913544
322350294468661,100002515913544
193357670716253,100002515913544
118420674910391,100002515913544
109494319070184,100002515913544
32675554155,100002515913544
315536505171625,100002515913544
176858555725574,100002515913544
210137702342225,100002515913544
118614508216582,100002515913544
256553637753543,100002515913544
117435985013012,100002515913544
222634841107671,100002515913544
105290312856037,100002515913544
105290312856037,100003406057096
138325952856710,100002515913544
177804575600077,100002515913544
357835437559848,100002515913544
218373661566805,100002515913544
179765662060361,100002515913544
209407772409854,100002515913544
151363774906122,100002515913544
283086935087865,100002515913544
192558094158559,100002515913544
318230564882603,100002515913544
184201894955461,100002515913544
142310505829404,100002515913544
142310505829404,100003406057096
244355735583352,100002515913544
102630386451637,100002515913544
195641867184145,100002515913544
187130497983804,100002515913544
262056030506438,100002515913544
162299400448465,100002515913544
214928135218927,100002515913544
249449618441834,100002515913544
235041936537352,100002515913544
223108374396839,100002515913544
186060438080719,100002515913544
200823736642809,100002515913544
148864538557638,100002515913544
149317818465073,100002515913544
196740800416455,100002515913544
194839477275115,100002515913544
317695891585025,100002515913544
315495895147053,100002515913544
173915715984225,100002515913544
153542164693615,100002515913544
112651135493124,100002515913544
135161013264962,100002515913544
177965628925175,100002515913544
159500454073122,100002515913544
156551637736665,100002515913544
38504756029,100002515913544
177220038996181,100002515913544
132138620137692,100002515913544
8062627951,100002515913544
203361056348699,100002515913544
161847617201265,100002515913544
149711878388178,100002515913544
227359140607478,100002515913544
21006300654,100002515913544
238925999463648,100002515913544
275955982428189,100002515913544
152112678142342,100002515913544
254895831214598,100002515913544
52193296770,100002515913544
147649365328045,100002515913544
113612205339644,100002515913544
115888891823369,100002515913544
170372433015743,100002515913544
198076623581542,100002515913544
149404511825855,100002515913544
141611222568189,100002515913544
191397244246890,100002515913544
185453874824923,100002515913544
209731412375125,100002515913544
197373770317278,100002515913544
146740592005895,100002515913544
157030434394869,100002515913544
129722657098394,100002515913544
129722657098394,100003406057096
138259122878353,100002515913544
310214085672486,100002515913544
245592175478103,100002515913544
197159090294264,100002515913544
141846092554754,100002515913544
206144989421624,100002515913544
185397574867142,100002515913544
267175409960306,100002515913544
194210557280230,100002515913544
123589964392354,100002515913544
215543435122674,100002515913544
162360310507857,100002515913544
198673563514137,100002515913544
173503599328820,100002515913544
186068798092905,100002515913544
147992841947155,100002515913544
205143919498472,100002515913544
295577833797332,100002515913544
209479695779181,100002515913544
259533207401574,100002515913544
146499965411499,100002515913544
172357722782489,100002515913544
145139342186321,100002515913544
195150773879506,100002515913544
167370929972653,100002515913544
168877839843846,100002515913544
124287467669982,100002515913544
197649593603569,100002515913544
132447256821617,100002515913544
212867592069252,100002515913544
194581257267044,100002515913544
194917043879809,100002515913544
202973629721568,100002515913544
181775411845249,100002515913544
111955078830634,100002515913544
215184321822,100002515913544
6191007822,100002515913544
389714567493,100002515913544
207555355941467,100002515913544
237605542934543,100002515913544
237605542934543,100003406057096
114819941862655,100002515913544
108293289201645,100002515913544
163356320384841,100002515913544
198681956833192,100002515913544
106193792789757,100002515913544
192393934119132,100002515913544
176650199058412,100002515913544
220424668011521,100002515913544
210445345647864,100002515913544
106311186113934,100002515913544
130040787061712,100002515913544
127630840622436,100002515913544
101566726596487,100002515913544
161402497255367,100002515913544
126009950815329,100002515913544
283884821621666,100002515913544
147693011978200,100002515913544
130550113699932,100002515913544
12359970813,100002515913544
201153059899163,100002515913544
124946600918797,100002515913544
175868002550562,100003307988096
108410385849739,100003307988096
103946239640282,100003307988096
103189339765813,100003307988096
192383087459591,100003399760968
106133106092081,100003399760968
128462383908681,100003399760968
152717681466764,100003399760968
503912859646267,100003399760968
176612339024514,100003399760968
485384821487194,100003399760968
134189486656667,100003399760968
210570099013561,100003399760968
217487011598633,100003399760968
153257920428,100003399760968
165426003501303,100003399760968
215486028466466,100003399760968
107881309234735,100003399760968
104128862956876,100003399760968
401197843275983,100003406057096
341910212528730,100003406057096
498467593515812,100003406057096
219482081529513,100003406057096
113058148839300,100003406057096
435264186592347,100003406057096
541977435866883,100003406057096
389622697773689,100003406057096
318014754976180,100003406057096
219847971364433,100003406057096
218857104842877,100003406057096
163313973845086,100003406057096
137962436250517,100003406057096
210943459041315,100003406057096
164625063577819,100003406057096
147225652002391,100003406057096
422446934495384,100003406057096
164624033573038,100003406057096
334143926664844,100003406057096
502616826422233,100003406057096
170122632997961,100003406057096
116960054990134,100003406057096
227576030629251,100003406057096
376625345731304,100003406057096
455083111236430,100003406057096
236987079654664,100003406057096
164820660199111,100003406057096
124316087619459,100003406057096
244483575661520,100003406057096
182235195228696,100003406057096
289416632013,100003406057096
326406594086016,100003406057096
131042596969494,100003406057096
132631333467951,100003406057096
163121817062736,100003406057096
229796737031269,100003406057096
215189095158767,100003406057096
487238234663054,100003406057096
283763514989611,100003406057096
205117602850541,100003406057096
401077776591347,100003406057096
489416964443749,100003406057096
327138784008634,100003406057096
364682730253791,100003406057096
197758573692634,100003406057096
128420343904586,100003406057096
115128151839931,100003406057096
199312830102994,100003406057096
210682889015851,100003406057096
103756629767869,100003406057096
261295360595745,100003406057096
215724905108770,100003406057096
198863883580628,100003406057096
333407583362932,100003406057096
522966817740866,100003406057096
239828489378335,100003406057096
126988860723079,100003406057096
381908355153522,100003406057096
314665058661999,100003406057096
130551930404724,100003406057096
343278692462029,100003406057096
252619971418157,100003406057096
135860549798075,100003406057096
210218348988317,100003406057096
106512576062564,100003406057096
116174491746943,100003406057096
232710843432076,100003406057096
367809073240278,100003406057096
116884668426879,100003406057096
180728998614753,100003406057096
130456960425225,100003406057096
442800585799801,100003406057096
234820369865112,100003406057096
202487526461100,100003406057096
172679876098337,100003406057096
252504301536416,100003406057096
271316396313541,100003406057096
399968883394170,100003406057096
149899261723625,100003406057096
155565987848088,100003406057096
449075671807539,100003406057096
167091980043545,100003406057096
173214289476775,100003406057096
264289500339835,100003406057096
287108508015841,100003406057096
294600287262309,100003406057096
217179728316421,100003406057096
208357905854810,100003406057096
120557261449197,100003406057096
578342785515247,100003406057096
193603410671286,100003406057096
111330825641136,100003406057096
261184170647949,100003406057096
192865770748801,100003406057096
463701267013016,100003406057096
142419979175530,100003406057096
128415997245934,100003406057096
161866533880805,100003406057096
190548117652606,100003406057096
385370211479813,100003406057096
275236549252414,100003406057096
211022728930804,100003406057096
246653075381426,100003406057096
401564396581182,100003406057096
210636162324814,100003406057096
411207745605081,100003406057096
180374391998015,100003406057096
155902184547758,100003406057096
200979926596829,100003406057096
433329610041671,100003406057096
193468074070027,100003406057096
239237229457972,100003406057096
137872863025938,100003406057096
406607466065466,100003406057096
188018901221175,100003406057096
121405691262035,100003406057096
377928055565135,100003406057096
201750189839242,100003406057096
209252052429922,100003406057096
153081281496093,100003406057096
178866382244213,100003406057096
121433597913750,100003406057096
370288633035817,100003406057096
198674590259083,100003406057096
150129248399286,100003406057096
220171941342928,100003406057096
155648097877316,100003406057096
136447519755266,100003406057096
357937310897247,100003406057096
399177970125709,100003406057096
296049410480016,100003406057096
371662299538862,100003406057096
151730441549643,100003406057096
217931951650336,100003406057096
167206866698908,100003406057096
128919243845930,100003406057096
211145475600109,100003406057096
339769319391988,100003406057096
132510593491059,100003406057096
184931734872496,100003406057096
110372302312186,100003406057096
101899593182710,100003406057096
14226545351,100003406057096
191317284238850,100003406057096
187475494629950,100003406057096
156181814441311,100003406057096
110765748936068,100003406057096
370301444160,100003406057096
192789497424525,100003406057096
110029795745476,100003406057096
105131859523036,100003406057096
438179216228265,100003981815303
124059927762674,100003981815303
262458283809560,100003981815303
249889711755078,100003981815303
103735822997879,100003981815303
120242161386902,100003981815303
107436622620952,100003981815303
110133665736486,100003981815303
104014346303190,100003981815303
273048286084345,100003981815303
180947698609033,100003981815303
108064745887567,100003981815303
145167032215717,100003981815303
8305888286,100003981815303
165508290171547,100004385917400
127229114085817,100004385917400
223678721001308,100004450475809